Date,Job_Type,Job_Categories,Hours_Worked,Platform_Count,Income_Total,Local_Gas_Price,Expenses_Total,Public_Holiday_Flag,Monthly_Unemployment_Rate,Job_Duration_Days,Target_Income_Next_Day,income_volatility_index,Month,Monthly_Income,Monthly_Expenses,Target_Income_Next_Month
2024-01-01,Ride-Sharing/Delivery,Transport,9.0,2,1200.0,74.93,3022.0,1,7.9,0,800.0,,2024-01,33943.0,31451.0,37100.0
2024-01-02,Ride-Sharing/Delivery,Transport,11.0,2,1100.0,74.88,435.0,0,7.8,0,1300.0,70.71,2024-01,33943.0,31451.0,37100.0
2024-01-03,Ride-Sharing/Delivery,Transport,11.0,2,1100.0,75.38,575.0,0,7.7,0,1300.0,57.74,2024-01,33943.0,31451.0,37100.0
2024-01-04,Ride-Sharing/Delivery,Transport,10.0,3,1000.0,74.77,5684.0,0,7.7,0,-200.0,81.65,2024-01,33943.0,31451.0,37100.0
2024-01-05,Ride-Sharing/Delivery,Transport,11.0,2,1601.0,74.04,690.0,0,7.5,0,1900.0,234.95,2024-01,33943.0,31451.0,37100.0
2024-01-06,Ride-Sharing/Delivery,Transport,10.0,3,1501.0,74.49,813.0,0,7.9,0,1800.0,243.39,2024-01,33943.0,31451.0,37100.0
2024-01-07,Ride-Sharing/Delivery,Transport,8.0,2,800.0,74.29,448.0,0,8.1,0,1000.0,279.89,2024-01,33943.0,31451.0,37100.0
2024-01-08,Ride-Sharing/Delivery,Transport,9.0,3,901.0,75.03,487.0,0,7.5,0,1000.0,299.52,2024-01,33943.0,31451.0,37100.0
2024-01-09,Ride-Sharing/Delivery,Transport,8.0,3,801.0,75.06,541.0,0,7.6,0,900.0,326.8,2024-01,33943.0,31451.0,37100.0
2024-01-10,Ride-Sharing/Delivery,Transport,9.0,3,901.0,74.7,436.0,0,7.7,0,1000.0,335.4,2024-01,33943.0,31451.0,37100.0
2024-01-11,Ride-Sharing/Delivery,Transport,8.0,3,801.0,75.93,461.0,0,7.8,0,900.0,350.63,2024-01,33943.0,31451.0,37100.0
2024-01-12,Ride-Sharing/Delivery,Transport,10.0,2,1501.0,75.41,548.0,0,7.6,0,1800.0,325.25,2024-01,33943.0,31451.0,37100.0
2024-01-13,Ride-Sharing/Delivery,Transport,11.0,2,1602.0,74.02,882.0,0,7.5,0,1800.0,350.89,2024-01,33943.0,31451.0,37100.0
2024-01-14,Ride-Sharing/Delivery,Transport,9.0,2,901.0,75.37,472.0,0,7.8,0,1100.0,341.13,2024-01,33943.0,31451.0,37100.0
2024-01-15,Ride-Sharing/Delivery,Transport,9.0,3,901.0,74.85,384.0,0,7.5,0,1100.0,341.13,2024-01,33943.0,31451.0,37100.0
2024-01-16,Ride-Sharing/Delivery,Transport,8.0,2,801.0,74.77,322.0,0,8.0,0,900.0,341.13,2024-01,33943.0,31451.0,37100.0
2024-01-17,Ride-Sharing/Delivery,Transport,9.0,3,901.0,74.12,487.0,0,7.9,0,1100.0,341.13,2024-01,33943.0,31451.0,37100.0
2024-01-18,Ride-Sharing/Delivery,Transport,9.0,3,901.0,74.66,297.0,0,7.9,0,1100.0,330.49,2024-01,33943.0,31451.0,37100.0
2024-01-19,Ride-Sharing/Delivery,Transport,12.0,3,1703.0,75.47,756.0,0,7.6,0,2000.0,379.34,2024-01,33943.0,31451.0,37100.0
2024-01-20,Ride-Sharing/Delivery,Transport,11.0,3,1603.0,75.17,5980.0,0,8.0,0,500.0,379.56,2024-01,33943.0,31451.0,37100.0
2024-01-21,Ride-Sharing/Delivery,Transport,9.0,3,901.0,74.91,455.0,0,7.6,0,1000.0,379.56,2024-01,33943.0,31451.0,37100.0
2024-01-22,Ride-Sharing/Delivery,Transport,8.0,2,801.0,75.41,541.0,0,8.1,0,900.0,390.1,2024-01,33943.0,31451.0,37100.0
2024-01-23,Ride-Sharing/Delivery,Transport,9.0,2,902.0,75.5,371.0,0,7.9,0,1100.0,379.47,2024-01,33943.0,31451.0,37100.0
2024-01-24,Ride-Sharing/Delivery,Transport,8.0,2,802.0,75.18,378.0,0,8.1,0,1000.0,389.9,2024-01,33943.0,31451.0,37100.0
2024-01-25,Ride-Sharing/Delivery,Transport,9.0,2,902.0,75.78,454.0,0,7.3,0,1000.0,389.82,2024-01,33943.0,31451.0,37100.0
2024-01-26,Ride-Sharing/Delivery,Transport,12.0,3,2004.0,75.04,695.0,1,7.7,0,2300.0,476.07,2024-01,33943.0,31451.0,37100.0
2024-01-27,Ride-Sharing/Delivery,Transport,11.0,3,1603.0,74.01,978.0,0,7.8,0,1800.0,476.07,2024-01,33943.0,31451.0,37100.0
2024-01-28,Ride-Sharing/Delivery,Transport,9.0,3,902.0,75.74,450.0,0,7.7,0,1100.0,475.99,2024-01,33943.0,31451.0,37100.0
2024-01-29,Ride-Sharing/Delivery,Transport,8.0,2,802.0,74.75,515.0,0,8.0,0,900.0,475.87,2024-01,33943.0,31451.0,37100.0
2024-01-30,Ride-Sharing/Delivery,Transport,9.0,3,902.0,74.74,559.0,0,7.9,0,1000.0,475.87,2024-01,33943.0,31451.0,37100.0
2024-01-31,Ride-Sharing/Delivery,Transport,9.0,2,902.0,75.48,2335.0,0,7.7,0,500.0,465.74,2024-01,33943.0,31451.0,37100.0
2024-02-01,Ride-Sharing/Delivery,Transport,9.0,2,902.0,75.37,3855.0,0,7.5,0,200.0,465.74,2024-02,32121.0,17318.0,33900.0
2024-02-02,Ride-Sharing/Delivery,Transport,11.0,2,1604.0,75.72,646.0,0,7.8,0,2000.0,353.94,2024-02,32121.0,17318.0,33900.0
2024-02-03,Ride-Sharing/Delivery,Transport,11.0,3,1604.0,74.9,631.0,0,7.7,0,1800.0,354.19,2024-02,32121.0,17318.0,33900.0
2024-02-04,Ride-Sharing/Delivery,Transport,9.0,3,903.0,75.23,399.0,0,7.8,0,1000.0,354.1,2024-02,32121.0,17318.0,33900.0
2024-02-05,Ride-Sharing/Delivery,Transport,9.0,2,903.0,76.59,394.0,0,7.8,0,1000.0,342.35,2024-02,32121.0,17318.0,33900.0
2024-02-06,Ride-Sharing/Delivery,Transport,9.0,2,903.0,75.63,376.0,0,7.4,0,1000.0,342.25,2024-02,32121.0,17318.0,33900.0
2024-02-07,Ride-Sharing/Delivery,Transport,9.0,2,903.0,75.72,422.0,0,8.3,0,1100.0,342.15,2024-02,32121.0,17318.0,33900.0
2024-02-08,Ride-Sharing/Delivery,Transport,9.0,2,903.0,75.86,430.0,0,7.8,0,1100.0,342.05,2024-02,32121.0,17318.0,33900.0
2024-02-09,Ride-Sharing/Delivery,Transport,10.0,2,1505.0,76.3,579.0,0,8.0,0,1800.0,319.18,2024-02,32121.0,17318.0,33900.0
2024-02-10,Ride-Sharing/Delivery,Transport,12.0,2,1706.0,75.29,519.0,0,8.1,0,2200.0,347.66,2024-02,32121.0,17318.0,33900.0
2024-02-11,Ride-Sharing/Delivery,Transport,8.0,3,803.0,76.06,394.0,0,8.2,0,1000.0,359.15,2024-02,32121.0,17318.0,33900.0
2024-02-12,Ride-Sharing/Delivery,Transport,8.0,3,803.0,75.5,317.0,0,7.8,0,1000.0,369.64,2024-02,32121.0,17318.0,33900.0
2024-02-13,Ride-Sharing/Delivery,Transport,8.0,2,803.0,75.03,362.0,0,7.8,0,1000.0,379.21,2024-02,32121.0,17318.0,33900.0
2024-02-14,Ride-Sharing/Delivery,Transport,8.0,2,803.0,76.06,330.0,0,7.6,0,900.0,387.93,2024-02,32121.0,17318.0,33900.0
2024-02-15,Ride-Sharing/Delivery,Transport,11.0,2,1104.0,75.45,501.0,0,7.7,0,1400.0,382.94,2024-02,32121.0,17318.0,33900.0
2024-02-16,Ride-Sharing/Delivery,Transport,12.0,2,1706.0,75.25,646.0,0,7.8,0,2100.0,425.68,2024-02,32121.0,17318.0,33900.0
2024-02-17,Ride-Sharing/Delivery,Transport,12.0,3,1707.0,75.08,806.0,0,7.8,0,1900.0,425.91,2024-02,32121.0,17318.0,33900.0
2024-02-18,Ride-Sharing/Delivery,Transport,9.0,3,904.0,76.29,397.0,0,7.6,0,1100.0,415.6,2024-02,32121.0,17318.0,33900.0
2024-02-19,Ride-Sharing/Delivery,Transport,8.0,2,803.0,76.18,337.0,0,7.9,0,900.0,415.6,2024-02,32121.0,17318.0,33900.0
2024-02-20,Ride-Sharing/Delivery,Transport,9.0,2,904.0,76.12,378.0,0,7.7,0,1000.0,404.42,2024-02,32121.0,17318.0,33900.0
2024-02-21,Ride-Sharing/Delivery,Transport,9.0,2,904.0,76.11,361.0,0,7.7,0,1100.0,392.3,2024-02,32121.0,17318.0,33900.0
2024-02-22,Ride-Sharing/Delivery,Transport,11.0,2,1105.0,76.22,573.0,0,7.6,0,1200.0,392.29,2024-02,32121.0,17318.0,33900.0
2024-02-23,Ride-Sharing/Delivery,Transport,12.0,2,1707.0,75.51,792.0,0,8.0,0,1900.0,392.52,2024-02,32121.0,17318.0,33900.0
2024-02-24,Ride-Sharing/Delivery,Transport,12.0,3,1708.0,75.61,873.0,0,8.0,0,2000.0,392.76,2024-02,32121.0,17318.0,33900.0
2024-02-25,Ride-Sharing/Delivery,Transport,9.0,3,904.0,76.45,399.0,0,8.2,0,1000.0,392.76,2024-02,32121.0,17318.0,33900.0
2024-02-26,Ride-Sharing/Delivery,Transport,9.0,3,904.0,75.68,410.0,0,7.6,0,1000.0,379.62,2024-02,32121.0,17318.0,33900.0
2024-02-27,Ride-Sharing/Delivery,Transport,8.0,3,804.0,76.04,339.0,0,7.9,0,1000.0,392.61,2024-02,32121.0,17318.0,33900.0
2024-02-28,Ride-Sharing/Delivery,Transport,9.0,2,904.0,76.51,422.0,0,7.8,0,1100.0,392.61,2024-02,32121.0,17318.0,33900.0
2024-02-29,Ride-Sharing/Delivery,Transport,10.0,3,1005.0,75.99,430.0,0,8.3,0,1200.0,396.24,2024-02,32121.0,17318.0,33900.0
2024-03-01,Ride-Sharing/Delivery,Transport,12.0,2,1708.0,75.59,3330.0,0,7.6,0,1300.0,396.48,2024-03,36021.0,19797.0,38000.0
2024-03-02,Ride-Sharing/Delivery,Transport,11.0,3,1608.0,75.82,969.0,0,7.9,0,1800.0,373.48,2024-03,36021.0,19797.0,38000.0
2024-03-03,Ride-Sharing/Delivery,Transport,9.0,2,905.0,75.81,596.0,0,7.6,0,1000.0,373.39,2024-03,36021.0,19797.0,38000.0
2024-03-04,Ride-Sharing/Delivery,Transport,7.0,3,704.0,75.54,388.0,0,8.0,0,800.0,399.39,2024-03,36021.0,19797.0,38000.0
2024-03-05,Ride-Sharing/Delivery,Transport,9.0,2,905.0,75.06,445.0,0,7.8,0,1100.0,388.98,2024-03,36021.0,19797.0,38000.0
2024-03-06,Ride-Sharing/Delivery,Transport,9.0,3,905.0,75.15,441.0,0,7.8,0,1000.0,388.89,2024-03,36021.0,19797.0,38000.0
2024-03-07,Ride-Sharing/Delivery,Transport,9.0,2,905.0,74.94,417.0,0,7.9,0,1000.0,395.0,2024-03,36021.0,19797.0,38000.0
2024-03-08,Ride-Sharing/Delivery,Transport,12.0,2,1709.0,75.97,849.0,0,8.0,0,2000.0,395.26,2024-03,36021.0,19797.0,38000.0
2024-03-09,Ride-Sharing/Delivery,Transport,10.0,3,1508.0,74.88,695.0,0,7.9,0,1700.0,374.76,2024-03,36021.0,19797.0,38000.0
2024-03-10,Ride-Sharing/Delivery,Transport,10.0,3,1006.0,75.52,405.0,0,8.6,0,1200.0,368.92,2024-03,36021.0,19797.0,38000.0
2024-03-11,Ride-Sharing/Delivery,Transport,10.0,3,1006.0,75.75,509.0,0,8.0,0,1200.0,331.81,2024-03,36021.0,19797.0,38000.0
2024-03-12,Ride-Sharing/Delivery,Transport,10.0,3,1006.0,74.94,381.0,0,8.0,0,1300.0,322.21,2024-03,36021.0,19797.0,38000.0
2024-03-13,Ride-Sharing/Delivery,Transport,8.0,2,805.0,74.89,315.0,0,7.7,0,900.0,336.73,2024-03,36021.0,19797.0,38000.0
2024-03-14,Ride-Sharing/Delivery,Transport,9.0,3,905.0,76.08,403.0,0,7.4,0,1100.0,336.73,2024-03,36021.0,19797.0,38000.0
2024-03-15,Ride-Sharing/Delivery,Transport,12.0,3,1710.0,74.04,765.0,0,7.7,0,2000.0,337.02,2024-03,36021.0,19797.0,38000.0
2024-03-16,Ride-Sharing/Delivery,Transport,12.0,3,1711.0,74.79,966.0,0,7.6,0,1900.0,380.39,2024-03,36021.0,19797.0,38000.0
2024-03-17,Ride-Sharing/Delivery,Transport,8.0,2,805.0,75.01,328.0,0,7.7,0,1000.0,401.33,2024-03,36021.0,19797.0,38000.0
2024-03-18,Ride-Sharing/Delivery,Transport,9.0,3,906.0,74.61,427.0,0,7.7,0,1100.0,408.42,2024-03,36021.0,19797.0,38000.0
2024-03-19,Ride-Sharing/Delivery,Transport,11.0,2,1107.0,74.82,513.0,0,7.4,0,1300.0,405.45,2024-03,36021.0,19797.0,38000.0
2024-03-20,Ride-Sharing/Delivery,Transport,9.0,2,906.0,74.09,552.0,0,8.0,0,1000.0,393.34,2024-03,36021.0,19797.0,38000.0
2024-03-21,Ride-Sharing/Delivery,Transport,8.0,2,805.0,74.28,282.0,0,7.9,0,1000.0,405.35,2024-03,36021.0,19797.0,38000.0
2024-03-22,Ride-Sharing/Delivery,Transport,12.0,2,1711.0,73.65,871.0,0,7.7,0,2000.0,405.59,2024-03,36021.0,19797.0,38000.0
2024-03-23,Ride-Sharing/Delivery,Transport,11.0,3,1611.0,73.84,653.0,0,8.2,0,1800.0,383.09,2024-03,36021.0,19797.0,38000.0
2024-03-24,Ride-Sharing/Delivery,Transport,9.0,2,906.0,73.46,439.0,0,8.0,0,1100.0,370.89,2024-03,36021.0,19797.0,38000.0
2024-03-25,Ride-Sharing/Delivery,Transport,11.0,3,1410.0,74.52,467.0,1,7.5,0,1700.0,367.7,2024-03,36021.0,19797.0,38000.0
2024-03-26,Ride-Sharing/Delivery,Transport,9.0,3,906.0,74.55,568.0,0,7.7,0,1100.0,384.38,2024-03,36021.0,19797.0,38000.0
2024-03-27,Ride-Sharing/Delivery,Transport,9.0,3,906.0,74.22,505.0,0,7.6,0,1100.0,384.38,2024-03,36021.0,19797.0,38000.0
2024-03-28,Ride-Sharing/Delivery,Transport,9.0,3,906.0,72.13,565.0,0,7.6,0,1000.0,369.6,2024-03,36021.0,19797.0,38000.0
2024-03-29,Ride-Sharing/Delivery,Transport,11.0,2,1612.0,73.04,767.0,0,8.1,0,1900.0,347.75,2024-03,36021.0,19797.0,38000.0
2024-03-30,Ride-Sharing/Delivery,Transport,10.0,2,1511.0,73.36,516.0,0,7.8,0,1800.0,328.6,2024-03,36021.0,19797.0,38000.0
2024-03-31,Ride-Sharing/Delivery,Transport,10.0,3,1007.0,72.78,470.0,0,8.0,0,1200.0,317.34,2024-03,36021.0,19797.0,38000.0
2024-04-01,Ride-Sharing/Delivery,Transport,9.0,2,907.0,73.02,2842.0,0,8.4,0,400.0,313.43,2024-04,33589.0,27755.0,36400.0
2024-04-02,Ride-Sharing/Delivery,Transport,9.0,3,907.0,73.23,411.0,0,8.3,0,1100.0,313.33,2024-04,33589.0,27755.0,36400.0
2024-04-03,Ride-Sharing/Delivery,Transport,9.0,2,907.0,73.6,564.0,0,8.4,0,1000.0,313.22,2024-04,33589.0,27755.0,36400.0
2024-04-04,Ride-Sharing/Delivery,Transport,11.0,3,1109.0,72.94,459.0,0,8.7,0,1400.0,300.52,2024-04,33589.0,27755.0,36400.0
2024-04-05,Ride-Sharing/Delivery,Transport,9.0,2,1411.0,73.5,588.0,0,8.4,0,1700.0,253.52,2024-04,33589.0,27755.0,36400.0
2024-04-06,Ride-Sharing/Delivery,Transport,11.0,3,1613.0,73.28,916.0,0,8.3,0,2000.0,281.86,2024-04,33589.0,27755.0,36400.0
2024-04-07,Ride-Sharing/Delivery,Transport,9.0,2,907.0,73.31,539.0,0,8.5,0,1000.0,291.1,2024-04,33589.0,27755.0,36400.0
2024-04-08,Ride-Sharing/Delivery,Transport,9.0,3,907.0,73.28,371.0,0,8.5,0,1100.0,291.1,2024-04,33589.0,27755.0,36400.0
2024-04-09,Ride-Sharing/Delivery,Transport,9.0,2,907.0,74.05,409.0,0,8.4,0,1000.0,291.1,2024-04,33589.0,27755.0,36400.0
2024-04-10,Ride-Sharing/Delivery,Transport,8.0,3,1109.0,73.38,3768.0,1,8.4,0,500.0,277.46,2024-04,33589.0,27755.0,36400.0
2024-04-11,Ride-Sharing/Delivery,Transport,10.0,2,1008.0,73.66,577.0,0,8.3,0,1200.0,281.79,2024-04,33589.0,27755.0,36400.0
2024-04-12,Ride-Sharing/Delivery,Transport,12.0,2,1714.0,73.39,936.0,0,8.4,0,2000.0,348.7,2024-04,33589.0,27755.0,36400.0
2024-04-13,Ride-Sharing/Delivery,Transport,11.0,2,1614.0,73.59,669.0,0,8.5,0,2000.0,348.92,2024-04,33589.0,27755.0,36400.0
2024-04-14,Ride-Sharing/Delivery,Transport,10.0,2,1311.0,74.12,757.0,1,8.6,0,1600.0,331.82,2024-04,33589.0,27755.0,36400.0
2024-04-15,Ride-Sharing/Delivery,Transport,9.0,2,908.0,74.07,3400.0,0,8.2,0,300.0,331.66,2024-04,33589.0,27755.0,36400.0
2024-04-16,Ride-Sharing/Delivery,Transport,9.0,3,908.0,73.68,464.0,0,8.3,0,1100.0,331.5,2024-04,33589.0,27755.0,36400.0
2024-04-17,Ride-Sharing/Delivery,Transport,10.0,2,1009.0,73.36,449.0,0,8.7,0,1200.0,339.37,2024-04,33589.0,27755.0,36400.0
2024-04-18,Ride-Sharing/Delivery,Transport,8.0,2,807.0,73.17,465.0,0,8.5,0,900.0,366.74,2024-04,33589.0,27755.0,36400.0
2024-04-19,Ride-Sharing/Delivery,Transport,12.0,3,1715.0,74.11,3407.0,0,8.4,0,1300.0,366.98,2024-04,33589.0,27755.0,36400.0
2024-04-20,Ride-Sharing/Delivery,Transport,11.0,3,1615.0,73.36,881.0,0,8.3,0,1900.0,367.18,2024-04,33589.0,27755.0,36400.0
2024-04-21,Ride-Sharing/Delivery,Transport,8.0,3,807.0,74.31,496.0,0,8.3,0,900.0,386.54,2024-04,33589.0,27755.0,36400.0
2024-04-22,Ride-Sharing/Delivery,Transport,8.0,3,807.0,73.68,337.0,0,8.4,0,900.0,397.07,2024-04,33589.0,27755.0,36400.0
2024-04-23,Ride-Sharing/Delivery,Transport,8.0,3,807.0,73.45,358.0,0,8.3,0,900.0,406.73,2024-04,33589.0,27755.0,36400.0
2024-04-24,Ride-Sharing/Delivery,Transport,9.0,2,908.0,73.62,414.0,0,8.2,0,1100.0,411.48,2024-04,33589.0,27755.0,36400.0
2024-04-25,Ride-Sharing/Delivery,Transport,9.0,3,909.0,73.16,480.0,0,8.0,0,1000.0,402.46,2024-04,33589.0,27755.0,36400.0
2024-04-26,Ride-Sharing/Delivery,Transport,10.0,2,1514.0,73.8,613.0,0,8.4,0,1800.0,353.95,2024-04,33589.0,27755.0,36400.0
2024-04-27,Ride-Sharing/Delivery,Transport,12.0,2,1716.0,74.35,894.0,0,8.3,0,2100.0,381.68,2024-04,33589.0,27755.0,36400.0
2024-04-28,Ride-Sharing/Delivery,Transport,9.0,2,909.0,73.43,393.0,0,8.3,0,1100.0,371.92,2024-04,33589.0,27755.0,36400.0
2024-04-29,Ride-Sharing/Delivery,Transport,9.0,3,909.0,74.11,448.0,0,8.1,0,1100.0,361.22,2024-04,33589.0,27755.0,36400.0
2024-04-30,Ride-Sharing/Delivery,Transport,10.0,3,1010.0,74.73,450.0,0,8.3,0,1200.0,341.78,2024-04,33589.0,27755.0,36400.0
2024-05-01,Ride-Sharing/Delivery,Transport,9.0,2,909.0,74.34,3720.0,0,8.2,0,200.0,341.68,2024-05,34378.0,22683.0,36600.0
2024-05-02,Ride-Sharing/Delivery,Transport,9.0,2,909.0,74.02,393.0,0,8.3,0,1100.0,341.68,2024-05,34378.0,22683.0,36600.0
2024-05-03,Ride-Sharing/Delivery,Transport,10.0,3,1515.0,74.04,957.0,0,8.4,0,1700.0,341.86,2024-05,34378.0,22683.0,36600.0
2024-05-04,Ride-Sharing/Delivery,Transport,12.0,3,1717.0,74.52,618.0,0,8.7,0,2200.0,342.15,2024-05,34378.0,22683.0,36600.0
2024-05-05,Ride-Sharing/Delivery,Transport,8.0,3,808.0,74.5,374.0,0,8.3,0,1000.0,354.7,2024-05,34378.0,22683.0,36600.0
2024-05-06,Ride-Sharing/Delivery,Transport,11.0,2,1111.0,73.67,541.0,0,8.1,0,1300.0,343.57,2024-05,34378.0,22683.0,36600.0
2024-05-07,Ride-Sharing/Delivery,Transport,8.0,2,808.0,73.03,418.0,0,8.2,0,900.0,364.16,2024-05,34378.0,22683.0,36600.0
2024-05-08,Ride-Sharing/Delivery,Transport,8.0,3,808.0,74.18,355.0,0,8.4,0,900.0,375.33,2024-05,34378.0,22683.0,36600.0
2024-05-09,Ride-Sharing/Delivery,Transport,11.0,3,1112.0,74.6,394.0,0,8.2,0,1300.0,366.15,2024-05,34378.0,22683.0,36600.0
2024-05-10,Ride-Sharing/Delivery,Transport,10.0,2,1516.0,74.38,746.0,0,8.0,0,1700.0,366.33,2024-05,34378.0,22683.0,36600.0
2024-05-11,Ride-Sharing/Delivery,Transport,13.0,3,1819.0,74.74,787.0,0,8.2,0,2200.0,394.7,2024-05,34378.0,22683.0,36600.0
2024-05-12,Ride-Sharing/Delivery,Transport,7.0,2,708.0,74.85,349.0,0,8.3,0,800.0,410.23,2024-05,34378.0,22683.0,36600.0
2024-05-13,Ride-Sharing/Delivery,Transport,10.0,2,1011.0,73.39,403.0,0,8.2,0,1200.0,412.58,2024-05,34378.0,22683.0,36600.0
2024-05-14,Ride-Sharing/Delivery,Transport,9.0,2,910.0,74.22,433.0,0,8.2,0,1100.0,401.72,2024-05,34378.0,22683.0,36600.0
2024-05-15,Ride-Sharing/Delivery,Transport,10.0,2,1011.0,73.68,645.0,0,8.3,0,1200.0,381.74,2024-05,34378.0,22683.0,36600.0
2024-05-16,Ride-Sharing/Delivery,Transport,9.0,2,910.0,74.49,443.0,0,8.4,0,1100.0,393.03,2024-05,34378.0,22683.0,36600.0
2024-05-17,Ride-Sharing/Delivery,Transport,10.0,2,1517.0,73.48,490.0,0,8.6,0,1900.0,393.19,2024-05,34378.0,22683.0,36600.0
2024-05-18,Ride-Sharing/Delivery,Transport,11.0,3,1618.0,73.89,712.0,0,8.6,0,1900.0,337.61,2024-05,34378.0,22683.0,36600.0
2024-05-19,Ride-Sharing/Delivery,Transport,9.0,3,910.0,74.87,450.0,0,8.3,0,1000.0,305.88,2024-05,34378.0,22683.0,36600.0
2024-05-20,Ride-Sharing/Delivery,Transport,11.0,3,1113.0,75.17,3747.0,0,8.3,0,500.0,301.85,2024-05,34378.0,22683.0,36600.0
2024-05-21,Ride-Sharing/Delivery,Transport,10.0,2,1012.0,74.63,638.0,0,8.6,0,1100.0,291.09,2024-05,34378.0,22683.0,36600.0
2024-05-22,Ride-Sharing/Delivery,Transport,8.0,2,809.0,74.67,429.0,0,8.5,0,900.0,316.73,2024-05,34378.0,22683.0,36600.0
2024-05-23,Ride-Sharing/Delivery,Transport,7.0,3,708.0,73.75,385.0,0,7.9,0,800.0,347.5,2024-05,34378.0,22683.0,36600.0
2024-05-24,Ride-Sharing/Delivery,Transport,11.0,3,1619.0,74.71,575.0,0,8.6,0,1900.0,369.44,2024-05,34378.0,22683.0,36600.0
2024-05-25,Ride-Sharing/Delivery,Transport,11.0,3,1619.0,75.19,793.0,0,8.0,0,1900.0,369.67,2024-05,34378.0,22683.0,36600.0
2024-05-26,Ride-Sharing/Delivery,Transport,7.0,3,708.0,74.36,278.0,0,8.4,0,900.0,395.15,2024-05,34378.0,22683.0,36600.0
2024-05-27,Ride-Sharing/Delivery,Transport,9.0,2,911.0,73.37,488.0,0,8.3,0,1000.0,400.02,2024-05,34378.0,22683.0,36600.0
2024-05-28,Ride-Sharing/Delivery,Transport,8.0,3,810.0,74.75,430.0,0,8.4,0,900.0,410.8,2024-05,34378.0,22683.0,36600.0
2024-05-29,Ride-Sharing/Delivery,Transport,8.0,3,810.0,74.18,490.0,0,8.1,0,900.0,410.71,2024-05,34378.0,22683.0,36600.0
2024-05-30,Ride-Sharing/Delivery,Transport,9.0,2,911.0,74.93,383.0,0,8.1,0,1100.0,391.18,2024-05,34378.0,22683.0,36600.0
2024-05-31,Ride-Sharing/Delivery,Transport,12.0,3,1721.0,74.2,819.0,0,8.1,0,2100.0,416.73,2024-05,34378.0,22683.0,36600.0
2024-06-01,Ride-Sharing/Delivery,Transport,11.0,2,1620.0,73.96,3094.0,0,8.2,0,1300.0,416.95,2024-06,33150.0,18068.0,35000.0
2024-06-02,Ride-Sharing/Delivery,Transport,8.0,3,810.0,75.48,376.0,0,8.3,0,1000.0,403.76,2024-06,33150.0,18068.0,35000.0
2024-06-03,Ride-Sharing/Delivery,Transport,8.0,2,810.0,74.62,346.0,0,8.3,0,1000.0,412.71,2024-06,33150.0,18068.0,35000.0
2024-06-04,Ride-Sharing/Delivery,Transport,9.0,2,912.0,74.83,475.0,0,8.5,0,1100.0,403.69,2024-06,33150.0,18068.0,35000.0
2024-06-05,Ride-Sharing/Delivery,Transport,8.0,3,810.0,74.25,423.0,0,8.2,0,1000.0,403.69,2024-06,33150.0,18068.0,35000.0
2024-06-06,Ride-Sharing/Delivery,Transport,7.0,3,709.0,73.8,412.0,0,8.6,0,800.0,424.86,2024-06,33150.0,18068.0,35000.0
2024-06-07,Ride-Sharing/Delivery,Transport,13.0,3,1824.0,74.45,755.0,0,8.4,0,2200.0,452.6,2024-06,33150.0,18068.0,35000.0
2024-06-08,Ride-Sharing/Delivery,Transport,11.0,3,1621.0,76.13,730.0,0,8.5,0,2000.0,452.81,2024-06,33150.0,18068.0,35000.0
2024-06-09,Ride-Sharing/Delivery,Transport,9.0,3,912.0,74.13,460.0,0,8.0,0,1100.0,444.58,2024-06,33150.0,18068.0,35000.0
2024-06-10,Ride-Sharing/Delivery,Transport,9.0,3,912.0,74.24,460.0,0,8.0,0,1000.0,435.63,2024-06,33150.0,18068.0,35000.0
2024-06-11,Ride-Sharing/Delivery,Transport,8.0,2,811.0,74.09,462.0,0,8.6,0,900.0,444.48,2024-06,33150.0,18068.0,35000.0
2024-06-12,Ride-Sharing/Delivery,Transport,10.0,2,1013.0,74.65,506.0,0,8.6,0,1200.0,429.88,2024-06,33150.0,18068.0,35000.0
2024-06-13,Ride-Sharing/Delivery,Transport,9.0,3,912.0,74.24,455.0,0,8.6,0,1100.0,404.03,2024-06,33150.0,18068.0,35000.0
2024-06-14,Ride-Sharing/Delivery,Transport,12.0,3,1723.0,74.16,998.0,0,8.3,0,2000.0,376.55,2024-06,33150.0,18068.0,35000.0
2024-06-15,Ride-Sharing/Delivery,Transport,10.0,2,1521.0,74.01,663.0,0,8.5,0,1800.0,356.12,2024-06,33150.0,18068.0,35000.0
2024-06-16,Ride-Sharing/Delivery,Transport,11.0,2,1115.0,74.01,578.0,0,8.4,0,1300.0,344.94,2024-06,33150.0,18068.0,35000.0
2024-06-17,Ride-Sharing/Delivery,Transport,8.0,2,811.0,74.49,434.0,0,8.2,0,900.0,358.12,2024-06,33150.0,18068.0,35000.0
2024-06-18,Ride-Sharing/Delivery,Transport,8.0,2,811.0,74.77,358.0,0,8.1,0,1000.0,358.12,2024-06,33150.0,18068.0,35000.0
2024-06-19,Ride-Sharing/Delivery,Transport,9.0,2,913.0,74.73,326.0,0,8.3,0,1100.0,365.46,2024-06,33150.0,18068.0,35000.0
2024-06-20,Ride-Sharing/Delivery,Transport,8.0,2,811.0,74.49,426.0,0,8.5,0,1000.0,376.63,2024-06,33150.0,18068.0,35000.0
2024-06-21,Ride-Sharing/Delivery,Transport,12.0,3,1724.0,74.3,564.0,0,8.3,0,2200.0,376.91,2024-06,33150.0,18068.0,35000.0
2024-06-22,Ride-Sharing/Delivery,Transport,12.0,2,1724.0,73.97,750.0,0,8.4,0,2000.0,419.97,2024-06,33150.0,18068.0,35000.0
2024-06-23,Ride-Sharing/Delivery,Transport,8.0,3,812.0,75.11,437.0,0,8.1,0,1000.0,437.03,2024-06,33150.0,18068.0,35000.0
2024-06-24,Ride-Sharing/Delivery,Transport,7.0,3,710.0,74.02,298.0,0,8.3,0,800.0,449.14,2024-06,33150.0,18068.0,35000.0
2024-06-25,Ride-Sharing/Delivery,Transport,9.0,3,913.0,74.4,413.0,0,8.4,0,1000.0,440.84,2024-06,33150.0,18068.0,35000.0
2024-06-26,Ride-Sharing/Delivery,Transport,7.0,2,710.0,74.84,474.0,0,8.1,0,800.0,460.41,2024-06,33150.0,18068.0,35000.0
2024-06-27,Ride-Sharing/Delivery,Transport,8.0,2,812.0,74.91,406.0,0,8.1,0,1000.0,460.32,2024-06,33150.0,18068.0,35000.0
2024-06-28,Ride-Sharing/Delivery,Transport,11.0,2,1624.0,75.4,921.0,0,8.2,0,1800.0,437.17,2024-06,33150.0,18068.0,35000.0
2024-06-29,Ride-Sharing/Delivery,Transport,12.0,3,1725.0,74.35,591.0,0,8.4,0,2200.0,437.43,2024-06,33150.0,18068.0,35000.0
2024-06-30,Ride-Sharing/Delivery,Transport,10.0,3,1015.0,73.7,477.0,0,8.1,0,1200.0,426.09,2024-06,33150.0,18068.0,35000.0
2024-07-01,Ride-Sharing/Delivery,Transport,10.0,3,1015.0,74.86,4086.0,0,7.9,0,200.0,397.45,2024-07,34960.0,25345.0,37500.0
2024-07-02,Ride-Sharing/Delivery,Transport,8.0,3,812.0,75.02,453.0,0,7.8,0,1000.0,407.76,2024-07,34960.0,25345.0,37500.0
2024-07-03,Ride-Sharing/Delivery,Transport,10.0,3,1015.0,75.12,510.0,0,7.9,0,1200.0,373.79,2024-07,34960.0,25345.0,37500.0
2024-07-04,Ride-Sharing/Delivery,Transport,9.0,3,914.0,74.77,611.0,0,7.7,0,1100.0,360.37,2024-07,34960.0,25345.0,37500.0
2024-07-05,Ride-Sharing/Delivery,Transport,11.0,2,1625.0,74.81,571.0,0,7.9,0,2000.0,360.59,2024-07,34960.0,25345.0,37500.0
2024-07-06,Ride-Sharing/Delivery,Transport,13.0,3,1828.0,75.48,981.0,0,7.7,0,2000.0,388.5,2024-07,34960.0,25345.0,37500.0
2024-07-07,Ride-Sharing/Delivery,Transport,10.0,2,1016.0,74.85,516.0,0,7.4,0,1200.0,388.43,2024-07,34960.0,25345.0,37500.0
2024-07-08,Ride-Sharing/Delivery,Transport,8.0,2,813.0,74.14,462.0,0,7.7,0,1000.0,409.25,2024-07,34960.0,25345.0,37500.0
2024-07-09,Ride-Sharing/Delivery,Transport,9.0,3,914.0,75.92,2145.0,0,7.9,0,600.0,397.0,2024-07,34960.0,25345.0,37500.0
2024-07-10,Ride-Sharing/Delivery,Transport,9.0,2,914.0,75.52,414.0,0,7.4,0,1100.0,404.93,2024-07,34960.0,25345.0,37500.0
2024-07-11,Ride-Sharing/Delivery,Transport,9.0,3,914.0,75.5,517.0,0,7.5,0,1100.0,404.93,2024-07,34960.0,25345.0,37500.0
2024-07-12,Ride-Sharing/Delivery,Transport,12.0,3,1727.0,75.3,984.0,0,7.7,0,2000.0,426.3,2024-07,34960.0,25345.0,37500.0
2024-07-13,Ride-Sharing/Delivery,Transport,12.0,2,1727.0,76.28,915.0,0,7.8,0,1900.0,400.91,2024-07,34960.0,25345.0,37500.0
2024-07-14,Ride-Sharing/Delivery,Transport,9.0,3,915.0,74.93,555.0,0,7.6,0,1000.0,408.14,2024-07,34960.0,25345.0,37500.0
2024-07-15,Ride-Sharing/Delivery,Transport,10.0,2,1016.0,74.75,706.0,0,7.8,0,1100.0,388.43,2024-07,34960.0,25345.0,37500.0
2024-07-16,Ride-Sharing/Delivery,Transport,9.0,2,915.0,75.44,3042.0,0,7.9,0,400.0,388.33,2024-07,34960.0,25345.0,37500.0
2024-07-17,Ride-Sharing/Delivery,Transport,10.0,2,1016.0,74.96,452.0,0,7.7,0,1200.0,379.32,2024-07,34960.0,25345.0,37500.0
2024-07-18,Ride-Sharing/Delivery,Transport,8.0,2,813.0,75.0,332.0,0,7.9,0,900.0,392.62,2024-07,34960.0,25345.0,37500.0
2024-07-19,Ride-Sharing/Delivery,Transport,12.0,2,1728.0,74.78,987.0,0,8.0,0,1900.0,392.86,2024-07,34960.0,25345.0,37500.0
2024-07-20,Ride-Sharing/Delivery,Transport,12.0,2,1728.0,75.46,627.0,0,8.2,0,2100.0,393.1,2024-07,34960.0,25345.0,37500.0
2024-07-21,Ride-Sharing/Delivery,Transport,8.0,2,813.0,74.65,296.0,0,7.4,0,1000.0,405.46,2024-07,34960.0,25345.0,37500.0
2024-07-22,Ride-Sharing/Delivery,Transport,10.0,2,1017.0,75.62,552.0,0,7.8,0,1100.0,405.4,2024-07,34960.0,25345.0,37500.0
2024-07-23,Ride-Sharing/Delivery,Transport,9.0,2,915.0,74.74,444.0,0,8.3,0,1100.0,405.4,2024-07,34960.0,25345.0,37500.0
2024-07-24,Ride-Sharing/Delivery,Transport,9.0,3,915.0,75.37,535.0,0,7.9,0,1000.0,412.58,2024-07,34960.0,25345.0,37500.0
2024-07-25,Ride-Sharing/Delivery,Transport,9.0,3,915.0,75.45,376.0,0,7.6,0,1100.0,401.05,2024-07,34960.0,25345.0,37500.0
2024-07-26,Ride-Sharing/Delivery,Transport,11.0,2,1627.0,76.29,598.0,0,8.1,0,2000.0,377.82,2024-07,34960.0,25345.0,37500.0
2024-07-27,Ride-Sharing/Delivery,Transport,13.0,3,1831.0,75.11,826.0,0,7.6,0,2200.0,405.83,2024-07,34960.0,25345.0,37500.0
2024-07-28,Ride-Sharing/Delivery,Transport,9.0,3,916.0,75.41,414.0,0,8.0,0,1100.0,393.35,2024-07,34960.0,25345.0,37500.0
2024-07-29,Ride-Sharing/Delivery,Transport,7.0,2,712.0,76.16,422.0,0,7.8,0,800.0,427.53,2024-07,34960.0,25345.0,37500.0
2024-07-30,Ride-Sharing/Delivery,Transport,9.0,3,916.0,74.91,372.0,0,7.5,0,1100.0,427.46,2024-07,34960.0,25345.0,37500.0
2024-07-31,Ride-Sharing/Delivery,Transport,10.0,3,1018.0,75.47,644.0,0,7.5,0,1100.0,420.99,2024-07,34960.0,25345.0,37500.0
2024-08-01,Ride-Sharing/Delivery,Transport,8.0,2,814.0,75.28,2842.0,0,8.1,0,300.0,431.34,2024-08,35762.0,19758.0,37700.0
2024-08-02,Ride-Sharing/Delivery,Transport,11.0,2,1628.0,74.71,805.0,0,7.8,0,1800.0,431.53,2024-08,35762.0,19758.0,37700.0
2024-08-03,Ride-Sharing/Delivery,Transport,11.0,3,1629.0,74.13,1039.0,0,7.8,0,1900.0,379.64,2024-08,35762.0,19758.0,37700.0
2024-08-04,Ride-Sharing/Delivery,Transport,9.0,2,916.0,75.84,572.0,0,8.2,0,1100.0,379.64,2024-08,35762.0,19758.0,37700.0
2024-08-05,Ride-Sharing/Delivery,Transport,10.0,2,1018.0,75.37,426.0,0,7.6,0,1200.0,344.82,2024-08,35762.0,19758.0,37700.0
2024-08-06,Ride-Sharing/Delivery,Transport,12.0,3,1222.0,75.55,447.0,0,7.8,0,1500.0,331.71,2024-08,35762.0,19758.0,37700.0
2024-08-07,Ride-Sharing/Delivery,Transport,9.0,2,916.0,75.64,512.0,0,7.8,0,1000.0,341.98,2024-08,35762.0,19758.0,37700.0
2024-08-08,Ride-Sharing/Delivery,Transport,8.0,3,815.0,75.28,418.0,0,7.8,0,900.0,341.81,2024-08,35762.0,19758.0,37700.0
2024-08-09,Ride-Sharing/Delivery,Transport,10.0,2,1527.0,75.21,707.0,0,7.8,0,1800.0,320.39,2024-08,35762.0,19758.0,37700.0
2024-08-10,Ride-Sharing/Delivery,Transport,11.0,2,1629.0,76.34,628.0,0,7.3,0,1900.0,320.39,2024-08,35762.0,19758.0,37700.0
2024-08-11,Ride-Sharing/Delivery,Transport,10.0,2,1018.0,76.22,519.0,0,7.4,0,1200.0,310.19,2024-08,35762.0,19758.0,37700.0
2024-08-12,Ride-Sharing/Delivery,Transport,9.0,2,917.0,75.43,461.0,0,7.5,0,1000.0,320.27,2024-08,35762.0,19758.0,37700.0
2024-08-13,Ride-Sharing/Delivery,Transport,8.0,2,815.0,75.08,405.0,0,8.2,0,900.0,341.11,2024-08,35762.0,19758.0,37700.0
2024-08-14,Ride-Sharing/Delivery,Transport,10.0,3,1019.0,76.28,447.0,0,7.9,0,1200.0,334.46,2024-08,35762.0,19758.0,37700.0
2024-08-15,Ride-Sharing/Delivery,Transport,8.0,3,1121.0,75.4,511.0,1,7.9,0,1400.0,309.17,2024-08,35762.0,19758.0,37700.0
2024-08-16,Ride-Sharing/Delivery,Transport,10.0,2,1528.0,76.03,516.0,0,7.8,0,1800.0,309.37,2024-08,35762.0,19758.0,37700.0
2024-08-17,Ride-Sharing/Delivery,Transport,11.0,3,1630.0,76.05,584.0,0,7.9,0,2000.0,309.63,2024-08,35762.0,19758.0,37700.0
2024-08-18,Ride-Sharing/Delivery,Transport,9.0,2,917.0,76.29,476.0,0,7.6,0,1100.0,319.0,2024-08,35762.0,19758.0,37700.0
2024-08-19,Ride-Sharing/Delivery,Transport,10.0,3,1019.0,76.02,475.0,0,7.7,0,1100.0,309.56,2024-08,35762.0,19758.0,37700.0
2024-08-20,Ride-Sharing/Delivery,Transport,9.0,2,917.0,75.11,548.0,0,8.0,0,1100.0,293.13,2024-08,35762.0,19758.0,37700.0
2024-08-21,Ride-Sharing/Delivery,Transport,9.0,3,917.0,75.49,406.0,0,8.0,0,1000.0,303.91,2024-08,35762.0,19758.0,37700.0
2024-08-22,Ride-Sharing/Delivery,Transport,8.0,3,816.0,75.07,556.0,0,7.5,0,1000.0,329.52,2024-08,35762.0,19758.0,37700.0
2024-08-23,Ride-Sharing/Delivery,Transport,12.0,2,1733.0,75.15,749.0,0,8.2,0,2100.0,378.69,2024-08,35762.0,19758.0,37700.0
2024-08-24,Ride-Sharing/Delivery,Transport,9.0,3,1427.0,76.65,660.0,0,7.8,0,1700.0,340.34,2024-08,35762.0,19758.0,37700.0
2024-08-25,Ride-Sharing/Delivery,Transport,9.0,2,918.0,75.55,509.0,0,7.9,0,1100.0,340.25,2024-08,35762.0,19758.0,37700.0
2024-08-26,Ride-Sharing/Delivery,Transport,9.0,2,918.0,76.38,355.0,0,7.8,0,1100.0,346.67,2024-08,35762.0,19758.0,37700.0
2024-08-27,Ride-Sharing/Delivery,Transport,9.0,2,918.0,75.67,445.0,0,7.8,0,1100.0,346.59,2024-08,35762.0,19758.0,37700.0
2024-08-28,Ride-Sharing/Delivery,Transport,9.0,3,918.0,75.01,574.0,0,7.5,0,1100.0,346.5,2024-08,35762.0,19758.0,37700.0
2024-08-29,Ride-Sharing/Delivery,Transport,10.0,3,1020.0,75.97,615.0,0,7.8,0,1100.0,327.42,2024-08,35762.0,19758.0,37700.0
2024-08-30,Ride-Sharing/Delivery,Transport,11.0,3,1632.0,76.07,904.0,0,7.7,0,1900.0,296.78,2024-08,35762.0,19758.0,37700.0
2024-08-31,Ride-Sharing/Delivery,Transport,10.0,2,1530.0,76.01,647.0,0,7.6,0,1900.0,317.13,2024-08,35762.0,19758.0,37700.0
2024-09-01,Ride-Sharing/Delivery,Transport,9.0,2,918.0,75.08,4215.0,0,8.0,0,100.0,317.13,2024-09,33708.0,20283.0,35700.0
2024-09-02,Ride-Sharing/Delivery,Transport,9.0,3,918.0,76.07,467.0,0,8.0,0,1100.0,317.13,2024-09,33708.0,20283.0,35700.0
2024-09-03,Ride-Sharing/Delivery,Transport,11.0,3,1122.0,76.46,666.0,0,7.4,0,1300.0,304.38,2024-09,33708.0,20283.0,35700.0
2024-09-04,Ride-Sharing/Delivery,Transport,8.0,2,816.0,75.66,490.0,0,7.8,0,1000.0,319.47,2024-09,33708.0,20283.0,35700.0
2024-09-05,Ride-Sharing/Delivery,Transport,10.0,2,1021.0,75.63,442.0,0,7.8,0,1200.0,319.41,2024-09,33708.0,20283.0,35700.0
2024-09-06,Ride-Sharing/Delivery,Transport,10.0,3,1531.0,75.7,762.0,0,7.5,0,1900.0,294.62,2024-09,33708.0,20283.0,35700.0
2024-09-07,Ride-Sharing/Delivery,Transport,10.0,3,1531.0,75.34,647.0,0,7.6,0,1900.0,294.85,2024-09,33708.0,20283.0,35700.0
2024-09-08,Ride-Sharing/Delivery,Transport,10.0,3,1021.0,75.56,347.0,0,8.3,0,1200.0,285.37,2024-09,33708.0,20283.0,35700.0
2024-09-09,Ride-Sharing/Delivery,Transport,9.0,2,919.0,76.14,448.0,0,7.6,0,1100.0,285.24,2024-09,33708.0,20283.0,35700.0
2024-09-10,Ride-Sharing/Delivery,Transport,10.0,3,1021.0,75.78,465.0,0,7.8,0,1200.0,288.68,2024-09,33708.0,20283.0,35700.0
2024-09-11,Ride-Sharing/Delivery,Transport,12.0,3,1225.0,76.03,720.0,0,8.0,0,1400.0,255.73,2024-09,33708.0,20283.0,35700.0
2024-09-12,Ride-Sharing/Delivery,Transport,8.0,2,817.0,76.08,435.0,0,8.2,0,900.0,286.78,2024-09,33708.0,20283.0,35700.0
2024-09-13,Ride-Sharing/Delivery,Transport,10.0,2,1532.0,77.02,815.0,0,7.9,0,1700.0,287.0,2024-09,33708.0,20283.0,35700.0
2024-09-14,Ride-Sharing/Delivery,Transport,10.0,2,1532.0,76.45,563.0,0,8.0,0,1800.0,287.22,2024-09,33708.0,20283.0,35700.0
2024-09-15,Ride-Sharing/Delivery,Transport,10.0,2,1021.0,75.36,625.0,0,7.7,0,1200.0,287.22,2024-09,33708.0,20283.0,35700.0
2024-09-16,Ride-Sharing/Delivery,Transport,9.0,2,919.0,76.12,454.0,0,7.9,0,1100.0,287.22,2024-09,33708.0,20283.0,35700.0
2024-09-17,Ride-Sharing/Delivery,Transport,9.0,2,919.0,75.51,415.0,0,7.9,0,1100.0,297.4,2024-09,33708.0,20283.0,35700.0
2024-09-18,Ride-Sharing/Delivery,Transport,10.0,3,1022.0,76.47,588.0,0,8.0,0,1100.0,297.39,2024-09,33708.0,20283.0,35700.0
2024-09-19,Ride-Sharing/Delivery,Transport,10.0,2,1022.0,76.44,527.0,0,7.8,0,1200.0,272.95,2024-09,33708.0,20283.0,35700.0
2024-09-20,Ride-Sharing/Delivery,Transport,9.0,3,1431.0,76.44,757.0,0,7.8,0,1700.0,250.39,2024-09,33708.0,20283.0,35700.0
2024-09-21,Ride-Sharing/Delivery,Transport,11.0,3,1635.0,75.6,744.0,0,7.6,0,1900.0,279.7,2024-09,33708.0,20283.0,35700.0
2024-09-22,Ride-Sharing/Delivery,Transport,10.0,2,1022.0,76.23,485.0,0,7.9,0,1200.0,279.63,2024-09,33708.0,20283.0,35700.0
2024-09-23,Ride-Sharing/Delivery,Transport,9.0,2,920.0,76.28,511.0,0,8.0,0,1000.0,279.5,2024-09,33708.0,20283.0,35700.0
2024-09-24,Ride-Sharing/Delivery,Transport,8.0,2,818.0,76.33,448.0,0,7.7,0,900.0,294.91,2024-09,33708.0,20283.0,35700.0
2024-09-25,Ride-Sharing/Delivery,Transport,9.0,2,920.0,76.15,611.0,0,7.8,0,1000.0,303.21,2024-09,33708.0,20283.0,35700.0
2024-09-26,Ride-Sharing/Delivery,Transport,9.0,3,920.0,76.94,419.0,0,7.6,0,1100.0,310.49,2024-09,33708.0,20283.0,35700.0
2024-09-27,Ride-Sharing/Delivery,Transport,11.0,2,1636.0,76.11,594.0,0,8.1,0,1900.0,354.06,2024-09,33708.0,20283.0,35700.0
2024-09-28,Ride-Sharing/Delivery,Transport,11.0,2,1636.0,76.86,590.0,0,7.5,0,2000.0,354.3,2024-09,33708.0,20283.0,35700.0
2024-09-29,Ride-Sharing/Delivery,Transport,9.0,2,920.0,76.81,512.0,0,7.8,0,1100.0,361.25,2024-09,33708.0,20283.0,35700.0
2024-09-30,Ride-Sharing/Delivery,Transport,10.0,2,1023.0,76.12,521.0,0,8.1,0,1200.0,354.25,2024-09,33708.0,20283.0,35700.0
2024-10-01,Ride-Sharing/Delivery,Transport,11.0,3,1125.0,76.23,3208.0,0,7.7,0,600.0,327.98,2024-10,34922.0,19793.0,36900.0
2024-10-02,Ride-Sharing/Delivery,Transport,10.0,3,1330.0,77.21,715.0,1,7.7,0,1600.0,312.43,2024-10,34922.0,19793.0,36900.0
2024-10-03,Ride-Sharing/Delivery,Transport,9.0,3,921.0,76.3,393.0,0,7.5,0,1100.0,312.27,2024-10,34922.0,19793.0,36900.0
2024-10-04,Ride-Sharing/Delivery,Transport,10.0,2,1535.0,75.95,528.0,0,7.6,0,1900.0,291.91,2024-10,34922.0,19793.0,36900.0
2024-10-05,Ride-Sharing/Delivery,Transport,11.0,2,1637.0,76.59,691.0,0,8.1,0,1900.0,292.15,2024-10,34922.0,19793.0,36900.0
2024-10-06,Ride-Sharing/Delivery,Transport,8.0,2,819.0,76.98,403.0,0,7.8,0,1000.0,310.92,2024-10,34922.0,19793.0,36900.0
2024-10-07,Ride-Sharing/Delivery,Transport,9.0,3,921.0,76.84,489.0,0,7.6,0,1000.0,322.69,2024-10,34922.0,19793.0,36900.0
2024-10-08,Ride-Sharing/Delivery,Transport,9.0,2,921.0,76.6,572.0,0,7.9,0,1000.0,337.77,2024-10,34922.0,19793.0,36900.0
2024-10-09,Ride-Sharing/Delivery,Transport,9.0,3,921.0,77.76,462.0,0,7.7,0,1100.0,337.79,2024-10,34922.0,19793.0,36900.0
2024-10-10,Ride-Sharing/Delivery,Transport,8.0,3,819.0,76.24,505.0,0,7.7,0,1000.0,348.65,2024-10,34922.0,19793.0,36900.0
2024-10-11,Ride-Sharing/Delivery,Transport,10.0,3,1535.0,77.16,510.0,0,8.1,0,1900.0,348.65,2024-10,34922.0,19793.0,36900.0
2024-10-12,Ride-Sharing/Delivery,Transport,10.0,3,1536.0,76.16,876.0,0,7.9,0,1800.0,322.99,2024-10,34922.0,19793.0,36900.0
2024-10-13,Ride-Sharing/Delivery,Transport,8.0,3,819.0,76.91,368.0,0,7.8,0,1000.0,322.99,2024-10,34922.0,19793.0,36900.0
2024-10-14,Ride-Sharing/Delivery,Transport,7.0,2,717.0,77.38,411.0,0,8.2,0,800.0,346.74,2024-10,34922.0,19793.0,36900.0
2024-10-15,Ride-Sharing/Delivery,Transport,8.0,3,819.0,76.43,543.0,0,7.9,0,1000.0,354.54,2024-10,34922.0,19793.0,36900.0
2024-10-16,Ride-Sharing/Delivery,Transport,9.0,3,922.0,76.97,482.0,0,8.2,0,1000.0,354.49,2024-10,34922.0,19793.0,36900.0
2024-10-17,Ride-Sharing/Delivery,Transport,9.0,2,922.0,76.26,428.0,0,7.5,0,1100.0,346.62,2024-10,34922.0,19793.0,36900.0
2024-10-18,Ride-Sharing/Delivery,Transport,10.0,3,1536.0,76.66,559.0,0,8.2,0,1800.0,346.86,2024-10,34922.0,19793.0,36900.0
2024-10-19,Ride-Sharing/Delivery,Transport,10.0,3,1536.0,76.8,609.0,0,7.8,0,1900.0,346.86,2024-10,34922.0,19793.0,36900.0
2024-10-20,Ride-Sharing/Delivery,Transport,10.0,3,1024.0,77.97,527.0,0,7.7,0,1200.0,333.62,2024-10,34922.0,19793.0,36900.0
2024-10-21,Ride-Sharing/Delivery,Transport,9.0,2,922.0,77.24,411.0,0,7.9,0,1100.0,305.49,2024-10,34922.0,19793.0,36900.0
2024-10-22,Ride-Sharing/Delivery,Transport,11.0,2,1127.0,77.03,571.0,0,7.7,0,1400.0,279.83,2024-10,34922.0,19793.0,36900.0
2024-10-23,Ride-Sharing/Delivery,Transport,10.0,2,1025.0,77.31,388.0,0,8.0,0,1200.0,268.87,2024-10,34922.0,19793.0,36900.0
2024-10-24,Ride-Sharing/Delivery,Transport,10.0,2,1025.0,77.3,577.0,0,8.0,0,1200.0,256.46,2024-10,34922.0,19793.0,36900.0
2024-10-25,Ride-Sharing/Delivery,Transport,12.0,2,1742.0,77.11,857.0,0,7.8,0,2100.0,311.31,2024-10,34922.0,19793.0,36900.0
2024-10-26,Ride-Sharing/Delivery,Transport,11.0,2,1640.0,77.4,759.0,0,7.6,0,1900.0,331.82,2024-10,34922.0,19793.0,36900.0
2024-10-27,Ride-Sharing/Delivery,Transport,9.0,2,922.0,76.62,384.0,0,7.8,0,1200.0,343.63,2024-10,34922.0,19793.0,36900.0
2024-10-28,Ride-Sharing/Delivery,Transport,10.0,3,1333.0,76.92,841.0,1,7.8,0,1500.0,322.6,2024-10,34922.0,19793.0,36900.0
2024-10-29,Ride-Sharing/Delivery,Transport,8.0,2,820.0,77.22,488.0,0,7.9,0,900.0,362.02,2024-10,34922.0,19793.0,36900.0
2024-10-30,Ride-Sharing/Delivery,Transport,11.0,3,1128.0,76.71,650.0,0,7.8,0,1300.0,355.02,2024-10,34922.0,19793.0,36900.0
2024-10-31,Ride-Sharing/Delivery,Transport,9.0,3,923.0,77.66,588.0,0,7.8,0,1100.0,366.74,2024-10,34922.0,19793.0,36900.0
2024-11-01,Ride-Sharing/Delivery,Transport,11.0,3,1641.0,77.2,3214.0,0,7.8,0,1200.0,343.84,2024-11,34701.0,19386.0,36600.0
2024-11-02,Ride-Sharing/Delivery,Transport,11.0,3,1641.0,77.0,626.0,0,8.0,0,2000.0,344.05,2024-11,34701.0,19386.0,36600.0
2024-11-03,Ride-Sharing/Delivery,Transport,8.0,2,820.0,76.99,374.0,0,7.7,0,1000.0,359.65,2024-11,34701.0,19386.0,36600.0
2024-11-04,Ride-Sharing/Delivery,Transport,10.0,3,1026.0,76.18,578.0,0,7.7,0,1100.0,357.53,2024-11,34701.0,19386.0,36600.0
2024-11-05,Ride-Sharing/Delivery,Transport,9.0,3,923.0,77.74,492.0,0,7.8,0,1100.0,343.9,2024-11,34701.0,19386.0,36600.0
2024-11-06,Ride-Sharing/Delivery,Transport,8.0,2,821.0,77.91,406.0,0,7.5,0,1000.0,367.07,2024-11,34701.0,19386.0,36600.0
2024-11-07,Ride-Sharing/Delivery,Transport,7.0,2,718.0,77.2,359.0,0,7.7,0,900.0,392.13,2024-11,34701.0,19386.0,36600.0
2024-11-08,Ride-Sharing/Delivery,Transport,10.0,2,1539.0,77.35,806.0,0,7.8,0,1900.0,369.22,2024-11,34701.0,19386.0,36600.0
2024-11-09,Ride-Sharing/Delivery,Transport,10.0,3,1539.0,76.38,752.0,0,8.0,0,1800.0,344.08,2024-11,34701.0,19386.0,36600.0
2024-11-10,Ride-Sharing/Delivery,Transport,10.0,2,1026.0,76.98,449.0,0,8.2,0,1200.0,329.1,2024-11,34701.0,19386.0,36600.0
2024-11-11,Ride-Sharing/Delivery,Transport,8.0,3,821.0,76.28,502.0,0,7.7,0,900.0,343.96,2024-11,34701.0,19386.0,36600.0
2024-11-12,Ride-Sharing/Delivery,Transport,9.0,2,924.0,77.18,624.0,0,7.8,0,1000.0,343.9,2024-11,34701.0,19386.0,36600.0
2024-11-13,Ride-Sharing/Delivery,Transport,9.0,3,924.0,76.45,404.0,0,8.1,0,1100.0,334.26,2024-11,34701.0,19386.0,36600.0
2024-11-14,Ride-Sharing/Delivery,Transport,9.0,3,924.0,77.65,529.0,0,7.9,0,1000.0,305.96,2024-11,34701.0,19386.0,36600.0
2024-11-15,Ride-Sharing/Delivery,Transport,11.0,2,1950.0,77.39,855.0,1,7.9,0,2300.0,421.84,2024-11,34701.0,19386.0,36600.0
2024-11-16,Ride-Sharing/Delivery,Transport,12.0,3,1745.0,77.79,800.0,0,7.8,0,2100.0,458.42,2024-11,34701.0,19386.0,36600.0
2024-11-17,Ride-Sharing/Delivery,Transport,10.0,3,1027.0,77.1,531.0,0,8.1,0,1200.0,458.37,2024-11,34701.0,19386.0,36600.0
2024-11-18,Ride-Sharing/Delivery,Transport,8.0,3,821.0,78.06,329.0,0,7.8,0,900.0,458.37,2024-11,34701.0,19386.0,36600.0
2024-11-19,Ride-Sharing/Delivery,Transport,8.0,2,822.0,77.24,377.0,0,7.7,0,900.0,469.63,2024-11,34701.0,19386.0,36600.0
2024-11-20,Ride-Sharing/Delivery,Transport,10.0,2,1027.0,76.86,690.0,0,7.7,0,1100.0,462.07,2024-11,34701.0,19386.0,36600.0
2024-11-21,Ride-Sharing/Delivery,Transport,7.0,2,719.0,76.98,390.0,0,7.3,0,800.0,487.4,2024-11,34701.0,19386.0,36600.0
2024-11-22,Ride-Sharing/Delivery,Transport,9.0,2,1438.0,77.6,545.0,0,8.0,0,1700.0,374.11,2024-11,34701.0,19386.0,36600.0
2024-11-23,Ride-Sharing/Delivery,Transport,11.0,3,1644.0,76.75,570.0,0,7.8,0,2100.0,345.28,2024-11,34701.0,19386.0,36600.0
2024-11-24,Ride-Sharing/Delivery,Transport,9.0,3,925.0,76.67,348.0,0,8.1,0,1100.0,349.58,2024-11,34701.0,19386.0,36600.0
2024-11-25,Ride-Sharing/Delivery,Transport,10.0,3,1027.0,77.15,629.0,0,7.8,0,1200.0,334.8,2024-11,34701.0,19386.0,36600.0
2024-11-26,Ride-Sharing/Delivery,Transport,9.0,2,925.0,76.26,410.0,0,7.8,0,1100.0,323.33,2024-11,34701.0,19386.0,36600.0
2024-11-27,Ride-Sharing/Delivery,Transport,8.0,3,822.0,76.79,514.0,0,7.7,0,900.0,339.97,2024-11,34701.0,19386.0,36600.0
2024-11-28,Ride-Sharing/Delivery,Transport,11.0,2,1130.0,77.63,602.0,0,7.7,0,1400.0,302.37,2024-11,34701.0,19386.0,36600.0
2024-11-29,Ride-Sharing/Delivery,Transport,12.0,2,1747.0,78.03,718.0,0,8.0,0,2000.0,369.84,2024-11,34701.0,19386.0,36600.0
2024-11-30,Ride-Sharing/Delivery,Transport,11.0,2,1645.0,77.02,963.0,0,7.9,0,1800.0,370.05,2024-11,34701.0,19386.0,36600.0
2024-12-01,Ride-Sharing/Delivery,Transport,9.0,2,925.0,77.82,3704.0,0,7.9,0,300.0,370.05,2024-12,34782.0,22901.0,37100.0
2024-12-02,Ride-Sharing/Delivery,Transport,10.0,3,1028.0,77.12,543.0,0,8.1,0,1200.0,369.98,2024-12,34782.0,22901.0,37100.0
2024-12-03,Ride-Sharing/Delivery,Transport,9.0,3,925.0,78.44,382.0,0,7.7,0,1100.0,369.98,2024-12,34782.0,22901.0,37100.0
2024-12-04,Ride-Sharing/Delivery,Transport,11.0,3,1131.0,77.52,655.0,0,7.7,0,1300.0,337.95,2024-12,34782.0,22901.0,37100.0
2024-12-05,Ride-Sharing/Delivery,Transport,9.0,2,925.0,77.28,450.0,0,7.9,0,1100.0,355.36,2024-12,34782.0,22901.0,37100.0
2024-12-06,Ride-Sharing/Delivery,Transport,12.0,2,1748.0,77.16,941.0,0,7.8,0,2100.0,355.62,2024-12,34782.0,22901.0,37100.0
2024-12-07,Ride-Sharing/Delivery,Transport,13.0,3,1851.0,78.33,2507.0,0,7.9,0,1700.0,404.72,2024-12,34782.0,22901.0,37100.0
2024-12-08,Ride-Sharing/Delivery,Transport,9.0,3,926.0,77.54,446.0,0,7.9,0,1100.0,404.6,2024-12,34782.0,22901.0,37100.0
2024-12-09,Ride-Sharing/Delivery,Transport,8.0,3,823.0,77.37,547.0,0,7.5,0,900.0,427.51,2024-12,34782.0,22901.0,37100.0
2024-12-10,Ride-Sharing/Delivery,Transport,9.0,2,926.0,77.84,589.0,0,7.7,0,1000.0,427.41,2024-12,34782.0,22901.0,37100.0
2024-12-11,Ride-Sharing/Delivery,Transport,11.0,2,1132.0,76.92,563.0,0,7.5,0,1400.0,427.39,2024-12,34782.0,22901.0,37100.0
2024-12-12,Ride-Sharing/Delivery,Transport,9.0,3,926.0,78.07,439.0,0,8.1,0,1100.0,427.28,2024-12,34782.0,22901.0,37100.0
2024-12-13,Ride-Sharing/Delivery,Transport,11.0,2,1646.0,78.1,1124.0,0,7.8,0,1900.0,406.32,2024-12,34782.0,22901.0,37100.0
2024-12-14,Ride-Sharing/Delivery,Transport,11.0,3,1646.0,78.02,679.0,0,7.9,0,2000.0,353.49,2024-12,34782.0,22901.0,37100.0
2024-12-15,Ride-Sharing/Delivery,Transport,7.0,3,720.0,78.33,370.0,0,8.1,0,900.0,382.3,2024-12,34782.0,22901.0,37100.0
2024-12-16,Ride-Sharing/Delivery,Transport,8.0,3,823.0,77.8,581.0,0,7.9,0,900.0,382.3,2024-12,34782.0,22901.0,37100.0
2024-12-17,Ride-Sharing/Delivery,Transport,9.0,3,926.0,77.35,473.0,0,7.7,0,1100.0,382.3,2024-12,34782.0,22901.0,37100.0
2024-12-18,Ride-Sharing/Delivery,Transport,9.0,3,926.0,78.22,479.0,0,7.9,0,1100.0,388.82,2024-12,34782.0,22901.0,37100.0
2024-12-19,Ride-Sharing/Delivery,Transport,9.0,3,926.0,78.04,427.0,0,7.2,0,1100.0,388.82,2024-12,34782.0,22901.0,37100.0
2024-12-20,Ride-Sharing/Delivery,Transport,12.0,2,1750.0,76.8,725.0,0,7.7,0,2100.0,414.84,2024-12,34782.0,22901.0,37100.0
2024-12-21,Ride-Sharing/Delivery,Transport,10.0,2,1544.0,77.04,687.0,0,8.0,0,1900.0,393.82,2024-12,34782.0,22901.0,37100.0
2024-12-22,Ride-Sharing/Delivery,Transport,9.0,2,927.0,77.87,542.0,0,7.8,0,1100.0,368.55,2024-12,34782.0,22901.0,37100.0
2024-12-23,Ride-Sharing/Delivery,Transport,9.0,2,927.0,77.75,486.0,0,7.5,0,1000.0,356.61,2024-12,34782.0,22901.0,37100.0
2024-12-24,Ride-Sharing/Delivery,Transport,10.0,2,1030.0,77.48,498.0,0,7.5,0,1300.0,348.66,2024-12,34782.0,22901.0,37100.0
2024-12-25,Ride-Sharing/Delivery,Transport,9.0,2,1236.0,78.5,629.0,1,8.0,0,1400.0,335.32,2024-12,34782.0,22901.0,37100.0
2024-12-26,Ride-Sharing/Delivery,Transport,9.0,2,927.0,77.59,555.0,0,7.7,0,1100.0,335.19,2024-12,34782.0,22901.0,37100.0
2024-12-27,Ride-Sharing/Delivery,Transport,13.0,3,1854.0,77.97,826.0,0,7.9,0,2100.0,365.04,2024-12,34782.0,22901.0,37100.0
2024-12-28,Ride-Sharing/Delivery,Transport,12.0,3,1751.0,77.91,900.0,0,7.7,0,2000.0,403.33,2024-12,34782.0,22901.0,37100.0
2024-12-29,Ride-Sharing/Delivery,Transport,9.0,2,927.0,77.77,544.0,0,7.8,0,1000.0,403.33,2024-12,34782.0,22901.0,37100.0
2024-12-30,Ride-Sharing/Delivery,Transport,10.0,2,1030.0,77.85,610.0,0,7.9,0,1100.0,391.89,2024-12,34782.0,22901.0,37100.0
