Date,Job_Type,Job_Categories,Public_Holiday_Flag,Local_Gas_Price,Monthly_Unemployment_Rate,Income_Total,Jobs_Completed,Job_Duration_Days,Hours_Worked,Expenses_Total,Platform_Count,Target_Income_Next_Day,income_volatility_index,Month,Monthly_Income,Monthly_Expenses,Target_Income_Next_Month
2024-01-01,Freelance,Tech Services,1,74.96,7.8,26798.93,1,14,6,1622.0,1,718300.0,,2024-01,73988.75,90287.67,120100.0
2024-01-02,Freelance,Tech Services,0,74.0,8.0,0.0,0,0,7,1278.25,1,-34600.0,18949.71,2024-01,73988.75,90287.67,120100.0
2024-01-03,Freelance,Tech Services,0,75.17,8.0,0.0,0,0,6,1904.73,1,-53200.0,15472.37,2024-01,73988.75,90287.67,120100.0
2024-01-04,Freelance,Tech Services,0,73.55,8.2,0.0,0,0,6,7139.11,1,-190300.0,13399.46,2024-01,73988.75,90287.67,120100.0
2024-01-05,Freelance,Tech Services,0,74.93,8.0,0.0,0,0,6,4322.31,1,-127300.0,11984.85,2024-01,73988.75,90287.67,120100.0
2024-01-06,Freelance,Tech Services,0,74.48,7.9,0.0,0,0,10,950.91,1,-26100.0,10940.62,2024-01,73988.75,90287.67,120100.0
2024-01-07,Freelance,Tech Services,0,74.47,7.7,0.0,0,0,0,801.92,1,-23200.0,10129.04,2024-01,73988.75,90287.67,120100.0
2024-01-08,Freelance,Tech Services,0,75.96,7.8,0.0,0,0,7,2220.98,1,-64500.0,0.0,2024-01,73988.75,90287.67,120100.0
2024-01-09,Freelance,Tech Services,0,75.11,8.0,0.0,0,0,10,1097.68,1,-29300.0,0.0,2024-01,73988.75,90287.67,120100.0
2024-01-10,Freelance,Tech Services,0,75.25,7.8,0.0,0,0,9,1430.47,1,-41700.0,0.0,2024-01,73988.75,90287.67,120100.0
2024-01-11,Freelance,Tech Services,0,75.18,8.3,0.0,0,0,5,1417.72,1,-39900.0,0.0,2024-01,73988.75,90287.67,120100.0
2024-01-12,Freelance,Tech Services,0,74.97,7.8,0.0,0,0,5,1929.06,1,-53800.0,0.0,2024-01,73988.75,90287.67,120100.0
2024-01-13,Freelance,Tech Services,0,75.53,8.0,0.0,0,0,5,10762.74,1,-310000.0,0.0,2024-01,73988.75,90287.67,120100.0
2024-01-14,Freelance,Tech Services,0,75.59,7.9,0.0,0,0,0,2348.85,1,-62500.0,0.0,2024-01,73988.75,90287.67,120100.0
2024-01-15,Freelance,Tech Services,0,74.43,8.1,27089.66,1,7,6,3688.89,1,650200.0,10238.93,2024-01,73988.75,90287.67,120100.0
2024-01-16,Freelance,Tech Services,0,74.43,7.9,0.0,0,0,10,1952.61,1,-54000.0,10238.93,2024-01,73988.75,90287.67,120100.0
2024-01-17,Freelance,Tech Services,0,74.62,7.8,0.0,0,0,7,2612.0,1,-74900.0,10238.93,2024-01,73988.75,90287.67,120100.0
2024-01-18,Freelance,Tech Services,0,75.16,7.9,0.0,0,0,8,878.86,1,-26100.0,10238.93,2024-01,73988.75,90287.67,120100.0
2024-01-19,Freelance,Tech Services,0,75.21,8.1,0.0,0,0,5,8815.38,1,-252500.0,10238.93,2024-01,73988.75,90287.67,120100.0
2024-01-20,Freelance,Tech Services,0,75.23,7.8,0.0,0,0,8,1126.1,1,-30400.0,10238.93,2024-01,73988.75,90287.67,120100.0
2024-01-21,Freelance,Tech Services,0,75.48,8.0,0.0,0,0,0,13722.53,1,-404700.0,10238.93,2024-01,73988.75,90287.67,120100.0
2024-01-22,Freelance,Tech Services,0,74.39,7.9,0.0,0,0,5,5967.98,1,-158900.0,0.0,2024-01,73988.75,90287.67,120100.0
2024-01-23,Freelance,Tech Services,0,75.35,7.7,0.0,0,0,7,1405.92,1,-40700.0,0.0,2024-01,73988.75,90287.67,120100.0
2024-01-24,Freelance,Tech Services,0,75.69,7.8,0.0,0,0,6,1134.99,1,-32200.0,0.0,2024-01,73988.75,90287.67,120100.0
2024-01-25,Freelance,Tech Services,0,75.06,7.8,0.0,0,0,10,1055.85,1,-30200.0,0.0,2024-01,73988.75,90287.67,120100.0
2024-01-26,Freelance,Tech Services,1,75.01,7.6,0.0,0,0,6,1079.16,1,-31100.0,0.0,2024-01,73988.75,90287.67,120100.0
2024-01-27,Freelance,Tech Services,0,74.28,8.1,0.0,0,0,9,1358.76,1,-40100.0,0.0,2024-01,73988.75,90287.67,120100.0
2024-01-28,Freelance,Tech Services,0,74.58,7.6,0.0,0,0,0,1930.97,1,-52000.0,0.0,2024-01,73988.75,90287.67,120100.0
2024-01-29,Freelance,Tech Services,0,73.92,7.7,0.0,0,0,10,1420.61,1,-41500.0,0.0,2024-01,73988.75,90287.67,120100.0
2024-01-30,Freelance,Tech Services,0,74.34,8.1,20100.16,1,19,2,1939.76,1,488400.0,7597.15,2024-01,73988.75,90287.67,120100.0
2024-01-31,Freelance,Tech Services,0,75.5,7.7,0.0,0,0,5,970.57,1,-26800.0,7597.15,2024-01,73988.75,90287.67,120100.0
2024-02-01,Freelance,Tech Services,0,76.7,8.0,33833.34,1,11,2,1115.61,1,958300.0,13742.67,2024-02,115339.48,64924.75,121800.0
2024-02-02,Freelance,Tech Services,0,75.43,7.3,0.0,0,0,10,1801.02,1,-48900.0,13742.67,2024-02,115339.48,64924.75,121800.0
2024-02-03,Freelance,Tech Services,0,76.75,7.5,0.0,0,0,6,1958.35,1,-57900.0,13742.67,2024-02,115339.48,64924.75,121800.0
2024-02-04,Freelance,Tech Services,0,74.81,8.0,0.0,0,0,0,2494.21,1,-70900.0,13742.67,2024-02,115339.48,64924.75,121800.0
2024-02-05,Freelance,Tech Services,0,76.87,8.1,0.0,0,0,5,5138.37,1,-142300.0,13742.67,2024-02,115339.48,64924.75,121800.0
2024-02-06,Freelance,Tech Services,0,75.95,7.9,0.0,0,0,6,1061.3,1,-29700.0,12787.8,2024-02,115339.48,64924.75,121800.0
2024-02-07,Freelance,Tech Services,0,76.11,8.0,0.0,0,0,9,1646.64,1,-45500.0,12787.8,2024-02,115339.48,64924.75,121800.0
2024-02-08,Freelance,Tech Services,0,75.85,7.8,0.0,0,0,8,13287.47,1,-382600.0,0.0,2024-02,115339.48,64924.75,121800.0
2024-02-09,Freelance,Tech Services,0,75.7,7.6,0.0,0,0,5,1112.29,1,-31200.0,0.0,2024-02,115339.48,64924.75,121800.0
2024-02-10,Freelance,Tech Services,0,75.61,7.5,0.0,0,0,9,1309.0,1,-37700.0,0.0,2024-02,115339.48,64924.75,121800.0
2024-02-11,Freelance,Tech Services,0,75.72,7.6,0.0,0,0,0,1566.27,1,-42200.0,0.0,2024-02,115339.48,64924.75,121800.0
2024-02-12,Freelance,Tech Services,0,75.23,7.8,0.0,0,0,5,2392.19,1,-63800.0,0.0,2024-02,115339.48,64924.75,121800.0
2024-02-13,Freelance,Tech Services,0,76.5,8.0,44792.43,1,6,8,441.63,1,1183300.0,16929.95,2024-02,115339.48,64924.75,121800.0
2024-02-14,Freelance,Tech Services,0,75.04,7.6,0.0,0,0,5,1447.16,1,-41400.0,16929.95,2024-02,115339.48,64924.75,121800.0
2024-02-15,Freelance,Tech Services,0,76.32,7.6,36713.71,1,20,7,1194.26,1,941200.0,20021.75,2024-02,115339.48,64924.75,121800.0
2024-02-16,Freelance,Tech Services,0,75.75,7.9,0.0,0,0,6,1449.73,1,-41600.0,20021.75,2024-02,115339.48,64924.75,121800.0
2024-02-17,Freelance,Tech Services,0,75.4,7.8,0.0,0,0,5,604.42,1,-16400.0,20021.75,2024-02,115339.48,64924.75,121800.0
2024-02-18,Freelance,Tech Services,0,75.24,7.7,0.0,0,0,0,1949.87,1,-54000.0,20021.75,2024-02,115339.48,64924.75,121800.0
2024-02-19,Freelance,Tech Services,0,76.08,7.5,0.0,0,0,8,1074.04,1,-31300.0,20021.75,2024-02,115339.48,64924.75,121800.0
2024-02-20,Freelance,Tech Services,0,76.16,7.8,0.0,0,0,10,1477.09,1,-40900.0,13876.48,2024-02,115339.48,64924.75,121800.0
2024-02-21,Freelance,Tech Services,0,76.24,7.8,0.0,0,0,9,455.43,1,-12700.0,13876.48,2024-02,115339.48,64924.75,121800.0
2024-02-22,Freelance,Tech Services,0,76.66,7.8,0.0,0,0,8,2949.26,1,-86800.0,0.0,2024-02,115339.48,64924.75,121800.0
2024-02-23,Freelance,Tech Services,0,75.79,7.8,0.0,0,0,10,1954.77,1,-57600.0,0.0,2024-02,115339.48,64924.75,121800.0
2024-02-24,Freelance,Tech Services,0,76.29,7.8,0.0,0,0,6,5239.98,1,-155000.0,0.0,2024-02,115339.48,64924.75,121800.0
2024-02-25,Freelance,Tech Services,0,76.06,7.7,0.0,0,0,0,2198.06,1,-58700.0,0.0,2024-02,115339.48,64924.75,121800.0
2024-02-26,Freelance,Tech Services,0,75.73,7.5,0.0,0,0,5,1882.1,1,-53100.0,0.0,2024-02,115339.48,64924.75,121800.0
2024-02-27,Freelance,Tech Services,0,76.96,7.6,0.0,0,0,9,942.24,1,-26500.0,0.0,2024-02,115339.48,64924.75,121800.0
2024-02-28,Freelance,Tech Services,0,75.75,7.7,0.0,0,0,4,4267.2,1,-121100.0,0.0,2024-02,115339.48,64924.75,121800.0
2024-02-29,Freelance,Tech Services,0,76.57,7.7,0.0,0,0,6,514.79,1,-14400.0,0.0,2024-02,115339.48,64924.75,121800.0
2024-03-01,Freelance,Tech Services,0,76.64,7.7,27589.11,1,17,5,911.43,1,772600.0,10427.7,2024-03,115903.8,63783.65,122300.0
2024-03-02,Freelance,Tech Services,0,76.07,7.6,0.0,0,0,5,1622.87,1,-46700.0,10427.7,2024-03,115903.8,63783.65,122300.0
2024-03-03,Freelance,Tech Services,0,76.92,7.6,0.0,0,0,0,1855.94,1,-49100.0,10427.7,2024-03,115903.8,63783.65,122300.0
2024-03-04,Freelance,Tech Services,0,75.92,7.9,0.0,0,0,6,11843.22,1,-333000.0,10427.7,2024-03,115903.8,63783.65,122300.0
2024-03-05,Freelance,Tech Services,0,75.89,7.8,0.0,0,0,4,4766.14,1,-135300.0,10427.7,2024-03,115903.8,63783.65,122300.0
2024-03-06,Freelance,Tech Services,0,75.53,7.8,0.0,0,0,7,513.36,1,-14800.0,10427.7,2024-03,115903.8,63783.65,122300.0
2024-03-07,Freelance,Tech Services,0,75.44,8.0,0.0,0,0,5,1445.18,1,-38900.0,10427.7,2024-03,115903.8,63783.65,122300.0
2024-03-08,Freelance,Tech Services,0,76.53,7.7,0.0,0,0,7,694.87,1,-19100.0,0.0,2024-03,115903.8,63783.65,122300.0
2024-03-09,Freelance,Tech Services,0,74.66,7.8,0.0,0,0,6,913.84,1,-25900.0,0.0,2024-03,115903.8,63783.65,122300.0
2024-03-10,Freelance,Tech Services,0,76.55,7.6,0.0,0,0,0,666.76,1,-18400.0,0.0,2024-03,115903.8,63783.65,122300.0
2024-03-11,Freelance,Tech Services,0,76.0,8.1,0.0,0,0,10,2200.34,1,-64100.0,0.0,2024-03,115903.8,63783.65,122300.0
2024-03-12,Freelance,Tech Services,0,74.82,7.9,0.0,0,0,8,726.83,1,-19700.0,0.0,2024-03,115903.8,63783.65,122300.0
2024-03-13,Freelance,Tech Services,0,75.82,7.7,0.0,0,0,7,2265.06,1,-63500.0,0.0,2024-03,115903.8,63783.65,122300.0
2024-03-14,Freelance,Tech Services,0,74.82,7.7,0.0,0,0,5,1065.82,1,-29500.0,0.0,2024-03,115903.8,63783.65,122300.0
2024-03-15,Freelance,Tech Services,0,74.33,7.7,47912.87,1,11,6,2206.08,1,1213400.0,18109.36,2024-03,115903.8,63783.65,122300.0
2024-03-16,Freelance,Tech Services,0,74.15,7.8,0.0,0,0,9,1043.91,1,-27900.0,18109.36,2024-03,115903.8,63783.65,122300.0
2024-03-17,Freelance,Tech Services,0,74.29,7.8,0.0,0,0,0,2267.81,1,-62200.0,18109.36,2024-03,115903.8,63783.65,122300.0
2024-03-18,Freelance,Tech Services,0,73.81,7.9,0.0,0,0,5,5892.37,1,-163600.0,18109.36,2024-03,115903.8,63783.65,122300.0
2024-03-19,Freelance,Tech Services,0,74.92,7.4,0.0,0,0,10,1944.87,1,-53700.0,18109.36,2024-03,115903.8,63783.65,122300.0
2024-03-20,Freelance,Tech Services,0,74.61,8.0,0.0,0,0,8,1997.03,1,-54400.0,18109.36,2024-03,115903.8,63783.65,122300.0
2024-03-21,Freelance,Tech Services,0,73.73,8.1,0.0,0,0,5,1489.68,1,-42700.0,18109.36,2024-03,115903.8,63783.65,122300.0
2024-03-22,Freelance,Tech Services,0,74.46,7.7,0.0,0,0,10,1321.37,1,-35400.0,0.0,2024-03,115903.8,63783.65,122300.0
2024-03-23,Freelance,Tech Services,0,74.14,7.9,0.0,0,0,9,1612.15,1,-45000.0,0.0,2024-03,115903.8,63783.65,122300.0
2024-03-24,Freelance,Tech Services,0,74.13,7.9,0.0,0,0,0,2150.96,1,-59300.0,0.0,2024-03,115903.8,63783.65,122300.0
2024-03-25,Freelance,Tech Services,1,73.54,7.8,18788.49,1,18,2,874.98,1,492100.0,7101.38,2024-03,115903.8,63783.65,122300.0
2024-03-26,Freelance,Tech Services,0,73.21,7.8,0.0,0,0,5,1472.81,1,-42400.0,7101.38,2024-03,115903.8,63783.65,122300.0
2024-03-27,Freelance,Tech Services,0,73.38,7.7,0.0,0,0,4,1257.57,1,-36700.0,7101.38,2024-03,115903.8,63783.65,122300.0
2024-03-28,Freelance,Tech Services,0,74.37,8.0,0.0,0,0,9,2502.4,1,-70400.0,7101.38,2024-03,115903.8,63783.65,122300.0
2024-03-29,Freelance,Tech Services,0,73.97,7.6,0.0,0,0,6,1949.62,1,-54100.0,7101.38,2024-03,115903.8,63783.65,122300.0
2024-03-30,Freelance,Tech Services,0,73.43,8.0,21613.33,1,18,5,594.05,1,596500.0,9890.71,2024-03,115903.8,63783.65,122300.0
2024-03-31,Freelance,Tech Services,0,73.57,8.3,0.0,0,0,0,1714.33,1,-49900.0,9890.71,2024-03,115903.8,63783.65,122300.0
2024-04-01,Freelance,Tech Services,0,73.71,8.3,17318.78,1,8,8,1997.56,1,428100.0,9579.02,2024-04,63856.68,68238.33,82900.0
2024-04-02,Freelance,Tech Services,0,73.38,8.3,0.0,0,0,10,1786.24,1,-49500.0,9579.02,2024-04,63856.68,68238.33,82900.0
2024-04-03,Freelance,Tech Services,0,73.47,8.4,0.0,0,0,4,1385.49,1,-40300.0,9579.02,2024-04,63856.68,68238.33,82900.0
2024-04-04,Freelance,Tech Services,0,74.04,8.1,0.0,0,0,6,2466.05,1,-67800.0,9579.02,2024-04,63856.68,68238.33,82900.0
2024-04-05,Freelance,Tech Services,0,72.91,7.9,0.0,0,0,4,4446.27,1,-125000.0,9579.02,2024-04,63856.68,68238.33,82900.0
2024-04-06,Freelance,Tech Services,0,73.85,8.1,0.0,0,0,5,1628.71,1,-45900.0,6545.88,2024-04,63856.68,68238.33,82900.0
2024-04-07,Freelance,Tech Services,0,72.53,8.4,0.0,0,0,0,2091.55,1,-57300.0,6545.88,2024-04,63856.68,68238.33,82900.0
2024-04-08,Freelance,Tech Services,0,74.87,8.3,0.0,0,0,10,1173.85,1,-31100.0,0.0,2024-04,63856.68,68238.33,82900.0
2024-04-09,Freelance,Tech Services,0,74.06,8.3,0.0,0,0,10,1323.9,1,-36800.0,0.0,2024-04,63856.68,68238.33,82900.0
2024-04-10,Freelance,Tech Services,1,73.61,8.5,0.0,0,0,9,15121.21,1,-414400.0,0.0,2024-04,63856.68,68238.33,82900.0
2024-04-11,Freelance,Tech Services,0,73.53,8.4,0.0,0,0,8,1221.43,1,-35400.0,0.0,2024-04,63856.68,68238.33,82900.0
2024-04-12,Freelance,Tech Services,0,73.85,8.2,0.0,0,0,8,626.13,1,-18200.0,0.0,2024-04,63856.68,68238.33,82900.0
2024-04-13,Freelance,Tech Services,0,74.2,8.3,0.0,0,0,10,2267.34,1,-61600.0,0.0,2024-04,63856.68,68238.33,82900.0
2024-04-14,Freelance,Tech Services,1,73.34,8.4,0.0,0,0,0,2135.16,1,-62500.0,0.0,2024-04,63856.68,68238.33,82900.0
2024-04-15,Freelance,Tech Services,0,73.28,8.3,16267.85,1,13,4,1894.77,1,385800.0,6148.67,2024-04,63856.68,68238.33,82900.0
2024-04-16,Freelance,Tech Services,0,73.74,8.5,0.0,0,0,5,2241.09,1,-64500.0,6148.67,2024-04,63856.68,68238.33,82900.0
2024-04-17,Freelance,Tech Services,0,74.0,8.3,0.0,0,0,5,1970.01,1,-57300.0,6148.67,2024-04,63856.68,68238.33,82900.0
2024-04-18,Freelance,Tech Services,0,74.19,8.6,0.0,0,0,8,1101.58,1,-31700.0,6148.67,2024-04,63856.68,68238.33,82900.0
2024-04-19,Freelance,Tech Services,0,74.07,8.3,0.0,0,0,6,2470.09,1,-71900.0,6148.67,2024-04,63856.68,68238.33,82900.0
2024-04-20,Freelance,Tech Services,0,73.16,8.1,0.0,0,0,10,2469.55,1,-72300.0,6148.67,2024-04,63856.68,68238.33,82900.0
2024-04-21,Freelance,Tech Services,0,73.67,8.2,0.0,0,0,0,2052.22,1,-59800.0,6148.67,2024-04,63856.68,68238.33,82900.0
2024-04-22,Freelance,Tech Services,0,73.75,8.3,0.0,0,0,9,1124.9,1,-32100.0,0.0,2024-04,63856.68,68238.33,82900.0
2024-04-23,Freelance,Tech Services,0,74.12,8.3,0.0,0,0,4,2080.6,1,-58500.0,0.0,2024-04,63856.68,68238.33,82900.0
2024-04-24,Freelance,Tech Services,0,74.12,8.3,0.0,0,0,6,1434.01,1,-42000.0,0.0,2024-04,63856.68,68238.33,82900.0
2024-04-25,Freelance,Tech Services,0,72.9,8.1,0.0,0,0,4,1972.01,1,-54500.0,0.0,2024-04,63856.68,68238.33,82900.0
2024-04-26,Freelance,Tech Services,0,73.83,8.1,0.0,0,0,8,1572.6,1,-44100.0,0.0,2024-04,63856.68,68238.33,82900.0
2024-04-27,Freelance,Tech Services,0,74.22,8.6,0.0,0,0,6,1239.5,1,-34700.0,0.0,2024-04,63856.68,68238.33,82900.0
2024-04-28,Freelance,Tech Services,0,74.54,8.3,0.0,0,0,0,1562.97,1,-45300.0,0.0,2024-04,63856.68,68238.33,82900.0
2024-04-29,Freelance,Tech Services,0,74.7,8.3,0.0,0,0,4,2083.0,1,-61800.0,0.0,2024-04,63856.68,68238.33,82900.0
2024-04-30,Freelance,Tech Services,0,73.8,8.2,30270.05,1,9,7,1298.54,1,775300.0,11441.0,2024-04,63856.68,68238.33,82900.0
2024-05-01,Freelance,Tech Services,0,73.85,8.2,27891.24,1,7,4,12410.65,1,447500.0,14206.51,2024-05,173300.79,61579.45,179500.0
2024-05-02,Freelance,Tech Services,0,74.1,8.3,0.0,0,0,4,1563.15,1,-42000.0,14206.51,2024-05,173300.79,61579.45,179500.0
2024-05-03,Freelance,Tech Services,0,74.03,8.4,0.0,0,0,9,1143.66,1,-30700.0,14206.51,2024-05,173300.79,61579.45,179500.0
2024-05-04,Freelance,Tech Services,0,74.64,8.5,0.0,0,0,9,648.23,1,-18700.0,14206.51,2024-05,173300.79,61579.45,179500.0
2024-05-05,Freelance,Tech Services,0,73.32,7.8,0.0,0,0,0,4739.25,1,-127500.0,14206.51,2024-05,173300.79,61579.45,179500.0
2024-05-06,Freelance,Tech Services,0,74.54,8.0,0.0,0,0,10,2434.11,1,-64900.0,14206.51,2024-05,173300.79,61579.45,179500.0
2024-05-07,Freelance,Tech Services,0,73.98,8.1,0.0,0,0,8,1800.31,1,-51300.0,10541.9,2024-05,173300.79,61579.45,179500.0
2024-05-08,Freelance,Tech Services,0,73.21,8.4,0.0,0,0,7,1734.05,1,-50900.0,0.0,2024-05,173300.79,61579.45,179500.0
2024-05-09,Freelance,Tech Services,0,74.5,8.2,0.0,0,0,4,1641.1,1,-45100.0,0.0,2024-05,173300.79,61579.45,179500.0
2024-05-10,Freelance,Tech Services,0,72.84,8.2,0.0,0,0,6,1649.62,1,-47500.0,0.0,2024-05,173300.79,61579.45,179500.0
2024-05-11,Freelance,Tech Services,0,74.35,8.0,0.0,0,0,9,647.05,1,-17600.0,0.0,2024-05,173300.79,61579.45,179500.0
2024-05-12,Freelance,Tech Services,0,74.26,8.3,0.0,0,0,0,860.51,1,-25000.0,0.0,2024-05,173300.79,61579.45,179500.0
2024-05-13,Freelance,Tech Services,0,74.47,8.3,0.0,0,0,5,1291.52,1,-36700.0,0.0,2024-05,173300.79,61579.45,179500.0
2024-05-14,Freelance,Tech Services,0,73.71,8.5,0.0,0,0,4,2978.56,1,-87100.0,0.0,2024-05,173300.79,61579.45,179500.0
2024-05-15,Freelance,Tech Services,0,74.14,8.3,35282.63,1,16,6,2116.08,1,960400.0,13335.58,2024-05,173300.79,61579.45,179500.0
2024-05-16,Freelance,Tech Services,0,73.76,8.2,17558.81,1,13,3,490.63,1,479600.0,13870.16,2024-05,173300.79,61579.45,179500.0
2024-05-17,Freelance,Tech Services,0,73.8,8.3,0.0,0,0,8,2024.49,1,-57800.0,13870.16,2024-05,173300.79,61579.45,179500.0
2024-05-18,Freelance,Tech Services,0,75.12,8.0,0.0,0,0,5,1001.15,1,-27100.0,13870.16,2024-05,173300.79,61579.45,179500.0
2024-05-19,Freelance,Tech Services,0,73.47,8.6,0.0,0,0,0,1544.63,1,-45000.0,13870.16,2024-05,173300.79,61579.45,179500.0
2024-05-20,Freelance,Tech Services,0,74.19,8.2,0.0,0,0,4,1121.71,1,-30500.0,13870.16,2024-05,173300.79,61579.45,179500.0
2024-05-21,Freelance,Tech Services,0,74.83,8.2,0.0,0,0,7,4730.18,1,-127900.0,13870.16,2024-05,173300.79,61579.45,179500.0
2024-05-22,Freelance,Tech Services,0,75.24,8.4,20034.88,1,5,3,1439.67,1,541600.0,9199.73,2024-05,173300.79,61579.45,179500.0
2024-05-23,Freelance,Tech Services,0,74.1,8.7,0.0,0,0,6,862.33,1,-25300.0,7572.47,2024-05,173300.79,61579.45,179500.0
2024-05-24,Freelance,Tech Services,0,74.05,8.4,0.0,0,0,4,1168.83,1,-31900.0,7572.47,2024-05,173300.79,61579.45,179500.0
2024-05-25,Freelance,Tech Services,0,74.52,8.6,0.0,0,0,9,660.1,1,-18500.0,7572.47,2024-05,173300.79,61579.45,179500.0
2024-05-26,Freelance,Tech Services,0,75.17,8.3,0.0,0,0,0,1145.63,1,-32400.0,7572.47,2024-05,173300.79,61579.45,179500.0
2024-05-27,Freelance,Tech Services,0,74.03,8.4,0.0,0,0,5,1632.37,1,-43300.0,7572.47,2024-05,173300.79,61579.45,179500.0
2024-05-28,Freelance,Tech Services,0,74.08,8.7,28078.65,1,9,3,2777.73,1,744400.0,11965.96,2024-05,173300.79,61579.45,179500.0
2024-05-29,Freelance,Tech Services,0,74.5,8.2,0.0,0,0,7,877.72,1,-24100.0,10612.73,2024-05,173300.79,61579.45,179500.0
2024-05-30,Freelance,Tech Services,0,74.54,8.0,44454.58,1,16,2,1796.95,1,1239900.0,18316.84,2024-05,173300.79,61579.45,179500.0
2024-05-31,Freelance,Tech Services,0,73.98,8.5,0.0,0,0,7,647.48,1,-18900.0,18316.84,2024-05,173300.79,61579.45,179500.0
2024-06-01,Freelance,Tech Services,0,74.15,8.1,26788.1,1,19,2,1168.57,1,739300.0,18587.52,2024-06,220596.92,74448.8,228000.0
2024-06-02,Freelance,Tech Services,0,74.76,8.5,0.0,0,0,0,1513.77,1,-43900.0,18587.52,2024-06,220596.92,74448.8,228000.0
2024-06-03,Freelance,Tech Services,0,74.87,8.5,0.0,0,0,8,8669.27,1,-239100.0,18587.52,2024-06,220596.92,74448.8,228000.0
2024-06-04,Freelance,Tech Services,0,74.15,8.0,0.0,0,0,4,1981.02,1,-57900.0,18114.16,2024-06,220596.92,74448.8,228000.0
2024-06-05,Freelance,Tech Services,0,75.29,8.2,0.0,0,0,4,4543.92,1,-126400.0,18114.16,2024-06,220596.92,74448.8,228000.0
2024-06-06,Freelance,Tech Services,0,74.43,8.6,0.0,0,0,5,1659.21,1,-48700.0,10124.95,2024-06,220596.92,74448.8,228000.0
2024-06-07,Freelance,Tech Services,0,74.85,8.4,0.0,0,0,9,2322.31,1,-65800.0,10124.95,2024-06,220596.92,74448.8,228000.0
2024-06-08,Freelance,Tech Services,0,75.67,8.2,0.0,0,0,9,1830.98,1,-51000.0,0.0,2024-06,220596.92,74448.8,228000.0
2024-06-09,Freelance,Tech Services,0,75.07,8.3,0.0,0,0,0,907.42,1,-26400.0,0.0,2024-06,220596.92,74448.8,228000.0
2024-06-10,Freelance,Tech Services,0,74.75,8.6,0.0,0,0,9,1166.46,1,-34400.0,0.0,2024-06,220596.92,74448.8,228000.0
2024-06-11,Freelance,Tech Services,0,74.89,8.4,0.0,0,0,10,1484.4,1,-41500.0,0.0,2024-06,220596.92,74448.8,228000.0
2024-06-12,Freelance,Tech Services,0,75.19,8.2,0.0,0,0,8,1390.8,1,-38900.0,0.0,2024-06,220596.92,74448.8,228000.0
2024-06-13,Freelance,Tech Services,0,74.25,8.1,0.0,0,0,4,903.99,1,-26000.0,0.0,2024-06,220596.92,74448.8,228000.0
2024-06-14,Freelance,Tech Services,0,73.7,8.7,44861.63,1,15,3,633.74,1,1243800.0,16956.1,2024-06,220596.92,74448.8,228000.0
2024-06-15,Freelance,Tech Services,0,74.15,8.3,39233.05,1,13,8,2081.21,1,1037500.0,20581.24,2024-06,220596.92,74448.8,228000.0
2024-06-16,Freelance,Tech Services,0,74.57,8.4,0.0,0,0,0,1017.05,1,-27400.0,20581.24,2024-06,220596.92,74448.8,228000.0
2024-06-17,Freelance,Tech Services,0,75.14,8.5,44675.66,1,12,3,889.19,1,1291600.0,23017.69,2024-06,220596.92,74448.8,228000.0
2024-06-18,Freelance,Tech Services,0,74.45,8.3,0.0,0,0,8,7896.82,1,-220300.0,23017.69,2024-06,220596.92,74448.8,228000.0
2024-06-19,Freelance,Tech Services,0,74.9,8.3,0.0,0,0,10,8563.67,1,-242500.0,23017.69,2024-06,220596.92,74448.8,228000.0
2024-06-20,Freelance,Tech Services,0,75.58,8.4,0.0,0,0,7,1469.4,1,-40600.0,23017.69,2024-06,220596.92,74448.8,228000.0
2024-06-21,Freelance,Tech Services,0,75.16,8.4,0.0,0,0,6,4631.26,1,-127000.0,20531.83,2024-06,220596.92,74448.8,228000.0
2024-06-22,Freelance,Tech Services,0,75.39,8.3,0.0,0,0,8,1259.08,1,-35000.0,16885.81,2024-06,220596.92,74448.8,228000.0
2024-06-23,Freelance,Tech Services,0,74.17,8.4,0.0,0,0,0,1947.92,1,-55000.0,16885.81,2024-06,220596.92,74448.8,228000.0
2024-06-24,Freelance,Tech Services,0,74.51,8.2,28798.68,1,16,5,1632.89,1,763000.0,10884.88,2024-06,220596.92,74448.8,228000.0
2024-06-25,Freelance,Tech Services,0,75.15,8.5,0.0,0,0,5,3349.15,1,-97400.0,10884.88,2024-06,220596.92,74448.8,228000.0
2024-06-26,Freelance,Tech Services,0,74.88,8.4,0.0,0,0,6,2524.24,1,-67600.0,10884.88,2024-06,220596.92,74448.8,228000.0
2024-06-27,Freelance,Tech Services,0,75.74,8.3,0.0,0,0,6,1810.77,1,-52400.0,10884.88,2024-06,220596.92,74448.8,228000.0
2024-06-28,Freelance,Tech Services,0,76.2,8.4,0.0,0,0,8,2539.7,1,-74100.0,10884.88,2024-06,220596.92,74448.8,228000.0
2024-06-29,Freelance,Tech Services,0,74.04,8.5,0.0,0,0,5,933.68,1,-25800.0,10884.88,2024-06,220596.92,74448.8,228000.0
2024-06-30,Freelance,Tech Services,0,75.12,8.6,36239.8,1,16,6,1726.91,1,1023700.0,16012.5,2024-06,220596.92,74448.8,228000.0
2024-07-01,Freelance,Tech Services,0,75.3,7.8,46548.02,1,20,6,1153.57,1,1235400.0,20416.19,2024-07,177638.61,51588.41,182800.0
2024-07-02,Freelance,Tech Services,0,74.37,7.8,0.0,0,0,8,1406.5,1,-40900.0,20416.19,2024-07,177638.61,51588.41,182800.0
2024-07-03,Freelance,Tech Services,0,74.57,7.7,0.0,0,0,5,2754.5,1,-73100.0,20416.19,2024-07,177638.61,51588.41,182800.0
2024-07-04,Freelance,Tech Services,0,75.3,8.1,0.0,0,0,5,2417.25,1,-71500.0,20416.19,2024-07,177638.61,51588.41,182800.0
2024-07-05,Freelance,Tech Services,0,75.22,7.6,0.0,0,0,9,4964.97,1,-136200.0,20416.19,2024-07,177638.61,51588.41,182800.0
2024-07-06,Freelance,Tech Services,0,75.26,8.0,0.0,0,0,5,1984.92,1,-55700.0,20416.19,2024-07,177638.61,51588.41,182800.0
2024-07-07,Freelance,Tech Services,0,74.75,7.8,0.0,0,0,0,2034.02,1,-57900.0,17593.5,2024-07,177638.61,51588.41,182800.0
2024-07-08,Freelance,Tech Services,0,75.08,7.6,0.0,0,0,9,1513.89,1,-43400.0,0.0,2024-07,177638.61,51588.41,182800.0
2024-07-09,Freelance,Tech Services,0,75.41,7.8,0.0,0,0,9,564.19,1,-16500.0,0.0,2024-07,177638.61,51588.41,182800.0
2024-07-10,Freelance,Tech Services,0,75.31,7.6,0.0,0,0,8,609.94,1,-18100.0,0.0,2024-07,177638.61,51588.41,182800.0
2024-07-11,Freelance,Tech Services,0,74.9,7.9,0.0,0,0,8,733.52,1,-19600.0,0.0,2024-07,177638.61,51588.41,182800.0
2024-07-12,Freelance,Tech Services,0,74.95,8.1,0.0,0,0,6,5883.78,1,-172600.0,0.0,2024-07,177638.61,51588.41,182800.0
2024-07-13,Freelance,Tech Services,0,74.95,7.8,0.0,0,0,6,1027.52,1,-29800.0,0.0,2024-07,177638.61,51588.41,182800.0
2024-07-14,Freelance,Tech Services,0,75.63,7.5,0.0,0,0,0,604.18,1,-16300.0,0.0,2024-07,177638.61,51588.41,182800.0
2024-07-15,Freelance,Tech Services,0,74.3,7.5,29969.58,1,17,4,1389.25,1,836200.0,11327.44,2024-07,177638.61,51588.41,182800.0
2024-07-16,Freelance,Tech Services,0,75.83,7.7,0.0,0,0,9,968.92,1,-25700.0,11327.44,2024-07,177638.61,51588.41,182800.0
2024-07-17,Freelance,Tech Services,0,76.49,7.7,24535.51,1,8,2,1419.9,1,617300.0,13390.09,2024-07,177638.61,51588.41,182800.0
2024-07-18,Freelance,Tech Services,0,75.32,8.1,0.0,0,0,4,1458.61,1,-41900.0,13390.09,2024-07,177638.61,51588.41,182800.0
2024-07-19,Freelance,Tech Services,0,76.25,8.2,0.0,0,0,9,996.49,1,-26700.0,13390.09,2024-07,177638.61,51588.41,182800.0
2024-07-20,Freelance,Tech Services,0,75.86,8.0,0.0,0,0,5,1399.93,1,-39500.0,13390.09,2024-07,177638.61,51588.41,182800.0
2024-07-21,Freelance,Tech Services,0,75.57,8.0,0.0,0,0,0,954.26,1,-26900.0,13390.09,2024-07,177638.61,51588.41,182800.0
2024-07-22,Freelance,Tech Services,0,75.01,7.6,0.0,0,0,4,1233.08,1,-35300.0,9273.55,2024-07,177638.61,51588.41,182800.0
2024-07-23,Freelance,Tech Services,0,75.3,7.8,0.0,0,0,5,637.46,1,-18900.0,9273.55,2024-07,177638.61,51588.41,182800.0
2024-07-24,Freelance,Tech Services,0,75.09,7.9,0.0,0,0,4,1113.94,1,-31900.0,0.0,2024-07,177638.61,51588.41,182800.0
2024-07-25,Freelance,Tech Services,0,75.81,7.8,0.0,0,0,8,1257.72,1,-34000.0,0.0,2024-07,177638.61,51588.41,182800.0
2024-07-26,Freelance,Tech Services,0,76.09,7.6,30912.38,1,13,3,2320.3,1,821100.0,11683.78,2024-07,177638.61,51588.41,182800.0
2024-07-27,Freelance,Tech Services,0,75.27,7.7,0.0,0,0,9,1256.12,1,-35600.0,11683.78,2024-07,177638.61,51588.41,182800.0
2024-07-28,Freelance,Tech Services,0,74.45,7.8,0.0,0,0,0,2559.55,1,-72200.0,11683.78,2024-07,177638.61,51588.41,182800.0
2024-07-29,Freelance,Tech Services,0,75.34,8.1,0.0,0,0,7,1531.45,1,-42500.0,11683.78,2024-07,177638.61,51588.41,182800.0
2024-07-30,Freelance,Tech Services,0,75.73,7.6,45673.12,1,6,6,1721.26,1,1302900.0,19164.65,2024-07,177638.61,51588.41,182800.0
2024-07-31,Freelance,Tech Services,0,76.36,8.0,0.0,0,0,10,1717.42,1,-46600.0,19164.65,2024-07,177638.61,51588.41,182800.0
2024-08-01,Freelance,Tech Services,0,75.74,7.8,22129.44,1,6,5,734.39,1,623100.0,18882.22,2024-08,226536.77000000002,55823.36,232100.0
2024-08-02,Freelance,Tech Services,0,74.98,7.7,0.0,0,0,8,1232.56,1,-32900.0,17883.91,2024-08,226536.77000000002,55823.36,232100.0
2024-08-03,Freelance,Tech Services,0,76.02,8.2,0.0,0,0,7,1910.15,1,-56200.0,17883.91,2024-08,226536.77000000002,55823.36,232100.0
2024-08-04,Freelance,Tech Services,0,76.26,7.7,40222.18,1,18,2,1190.3,1,1128700.0,20520.4,2024-08,226536.77000000002,55823.36,232100.0
2024-08-05,Freelance,Tech Services,0,74.95,7.8,0.0,0,0,4,5342.76,1,-146300.0,20520.4,2024-08,226536.77000000002,55823.36,232100.0
2024-08-06,Freelance,Tech Services,0,74.64,7.9,0.0,0,0,6,2130.22,1,-60300.0,16083.88,2024-08,226536.77000000002,55823.36,232100.0
2024-08-07,Freelance,Tech Services,0,75.46,7.7,0.0,0,0,5,939.64,1,-27000.0,16083.88,2024-08,226536.77000000002,55823.36,232100.0
2024-08-08,Freelance,Tech Services,0,74.76,7.9,46976.87,1,15,7,1117.15,1,1346700.0,21363.56,2024-08,226536.77000000002,55823.36,232100.0
2024-08-09,Freelance,Tech Services,0,75.3,7.6,44407.83,1,14,4,1102.76,1,1159600.0,23531.42,2024-08,226536.77000000002,55823.36,232100.0
2024-08-10,Freelance,Tech Services,0,74.15,7.8,0.0,0,0,5,1260.54,1,-34700.0,23531.42,2024-08,226536.77000000002,55823.36,232100.0
2024-08-11,Freelance,Tech Services,0,76.49,8.1,0.0,0,0,0,1491.43,1,-43900.0,22307.91,2024-08,226536.77000000002,55823.36,232100.0
2024-08-12,Freelance,Tech Services,0,75.39,7.7,0.0,0,0,7,2417.65,1,-68000.0,22307.91,2024-08,226536.77000000002,55823.36,232100.0
2024-08-13,Freelance,Tech Services,0,75.87,7.6,0.0,0,0,6,1926.35,1,-54200.0,22307.91,2024-08,226536.77000000002,55823.36,232100.0
2024-08-14,Freelance,Tech Services,0,75.8,8.0,0.0,0,0,5,1047.42,1,-28600.0,22307.91,2024-08,226536.77000000002,55823.36,232100.0
2024-08-15,Freelance,Tech Services,1,76.28,7.8,31559.03,1,16,7,888.86,1,851000.0,18901.52,2024-08,226536.77000000002,55823.36,232100.0
2024-08-16,Freelance,Tech Services,0,75.58,7.6,0.0,0,0,9,556.82,1,-15100.0,11928.19,2024-08,226536.77000000002,55823.36,232100.0
2024-08-17,Freelance,Tech Services,0,75.28,7.8,0.0,0,0,8,1570.47,1,-42900.0,11928.19,2024-08,226536.77000000002,55823.36,232100.0
2024-08-18,Freelance,Tech Services,0,75.89,8.0,0.0,0,0,0,6646.79,1,-180500.0,11928.19,2024-08,226536.77000000002,55823.36,232100.0
2024-08-19,Freelance,Tech Services,0,75.32,8.1,0.0,0,0,5,1760.27,1,-46700.0,11928.19,2024-08,226536.77000000002,55823.36,232100.0
2024-08-20,Freelance,Tech Services,0,75.6,7.8,0.0,0,0,10,1928.94,1,-52100.0,11928.19,2024-08,226536.77000000002,55823.36,232100.0
2024-08-21,Freelance,Tech Services,0,75.38,7.3,0.0,0,0,5,1178.5,1,-34900.0,11928.19,2024-08,226536.77000000002,55823.36,232100.0
2024-08-22,Freelance,Tech Services,0,76.21,7.9,0.0,0,0,7,2732.92,1,-74200.0,0.0,2024-08,226536.77000000002,55823.36,232100.0
2024-08-23,Freelance,Tech Services,0,75.65,7.8,0.0,0,0,8,2154.96,1,-60600.0,0.0,2024-08,226536.77000000002,55823.36,232100.0
2024-08-24,Freelance,Tech Services,0,76.06,7.5,0.0,0,0,10,2335.33,1,-63900.0,0.0,2024-08,226536.77000000002,55823.36,232100.0
2024-08-25,Freelance,Tech Services,0,75.55,8.0,0.0,0,0,0,1431.61,1,-39400.0,0.0,2024-08,226536.77000000002,55823.36,232100.0
2024-08-26,Freelance,Tech Services,0,75.21,7.9,0.0,0,0,9,2327.85,1,-62700.0,0.0,2024-08,226536.77000000002,55823.36,232100.0
2024-08-27,Freelance,Tech Services,0,75.17,7.9,0.0,0,0,4,2476.96,1,-70800.0,0.0,2024-08,226536.77000000002,55823.36,232100.0
2024-08-28,Freelance,Tech Services,0,75.85,7.5,0.0,0,0,9,575.9,1,-16900.0,0.0,2024-08,226536.77000000002,55823.36,232100.0
2024-08-29,Freelance,Tech Services,0,76.46,7.7,0.0,0,0,9,647.23,1,-17500.0,0.0,2024-08,226536.77000000002,55823.36,232100.0
2024-08-30,Freelance,Tech Services,0,75.49,7.8,41241.42,1,12,7,1831.03,1,1128600.0,15587.79,2024-08,226536.77000000002,55823.36,232100.0
2024-08-31,Freelance,Tech Services,0,76.49,7.6,0.0,0,0,10,935.6,1,-25600.0,15587.79,2024-08,226536.77000000002,55823.36,232100.0
2024-09-01,Freelance,Tech Services,0,75.96,7.9,32114.95,1,13,7,2451.04,1,850200.0,18090.0,2024-09,108938.35999999999,71050.31999999999,116000.0
2024-09-02,Freelance,Tech Services,0,76.29,7.8,0.0,0,0,4,880.41,1,-24500.0,18090.0,2024-09,108938.35999999999,71050.31999999999,116000.0
2024-09-03,Freelance,Tech Services,0,75.77,7.6,0.0,0,0,6,982.26,1,-27500.0,18090.0,2024-09,108938.35999999999,71050.31999999999,116000.0
2024-09-04,Freelance,Tech Services,0,76.02,7.6,0.0,0,0,8,1825.45,1,-49500.0,18090.0,2024-09,108938.35999999999,71050.31999999999,116000.0
2024-09-05,Freelance,Tech Services,0,74.53,7.9,0.0,0,0,9,4994.99,1,-133000.0,18090.0,2024-09,108938.35999999999,71050.31999999999,116000.0
2024-09-06,Freelance,Tech Services,0,76.46,7.3,0.0,0,0,5,2441.86,1,-71700.0,12138.31,2024-09,108938.35999999999,71050.31999999999,116000.0
2024-09-07,Freelance,Tech Services,0,75.52,7.9,0.0,0,0,5,1290.4,1,-36200.0,12138.31,2024-09,108938.35999999999,71050.31999999999,116000.0
2024-09-08,Freelance,Tech Services,0,77.06,7.8,0.0,0,0,0,6096.49,1,-164600.0,0.0,2024-09,108938.35999999999,71050.31999999999,116000.0
2024-09-09,Freelance,Tech Services,0,75.69,7.8,0.0,0,0,7,2415.97,1,-67300.0,0.0,2024-09,108938.35999999999,71050.31999999999,116000.0
2024-09-10,Freelance,Tech Services,0,76.75,7.7,0.0,0,0,7,12413.89,1,-329000.0,0.0,2024-09,108938.35999999999,71050.31999999999,116000.0
2024-09-11,Freelance,Tech Services,0,75.68,7.7,0.0,0,0,10,4115.66,1,-120600.0,0.0,2024-09,108938.35999999999,71050.31999999999,116000.0
2024-09-12,Freelance,Tech Services,0,75.62,7.8,0.0,0,0,4,1377.75,1,-40100.0,0.0,2024-09,108938.35999999999,71050.31999999999,116000.0
2024-09-13,Freelance,Tech Services,0,76.93,7.9,0.0,0,0,6,1494.6,1,-41600.0,0.0,2024-09,108938.35999999999,71050.31999999999,116000.0
2024-09-14,Freelance,Tech Services,0,76.0,7.7,0.0,0,0,5,1445.51,1,-39100.0,0.0,2024-09,108938.35999999999,71050.31999999999,116000.0
2024-09-15,Freelance,Tech Services,0,75.36,8.0,49215.56,1,17,2,1096.95,1,1387700.0,18601.73,2024-09,108938.35999999999,71050.31999999999,116000.0
2024-09-16,Freelance,Tech Services,0,76.12,7.8,0.0,0,0,5,850.19,1,-23500.0,18601.73,2024-09,108938.35999999999,71050.31999999999,116000.0
2024-09-17,Freelance,Tech Services,0,77.77,7.9,0.0,0,0,10,1351.74,1,-38700.0,18601.73,2024-09,108938.35999999999,71050.31999999999,116000.0
2024-09-18,Freelance,Tech Services,0,75.82,7.7,0.0,0,0,4,530.92,1,-14300.0,18601.73,2024-09,108938.35999999999,71050.31999999999,116000.0
2024-09-19,Freelance,Tech Services,0,76.78,7.8,0.0,0,0,9,913.78,1,-25100.0,18601.73,2024-09,108938.35999999999,71050.31999999999,116000.0
2024-09-20,Freelance,Tech Services,0,75.5,8.0,0.0,0,0,9,1699.59,1,-47300.0,18601.73,2024-09,108938.35999999999,71050.31999999999,116000.0
2024-09-21,Freelance,Tech Services,0,75.9,8.2,0.0,0,0,8,1726.21,1,-46300.0,18601.73,2024-09,108938.35999999999,71050.31999999999,116000.0
2024-09-22,Freelance,Tech Services,0,76.79,7.7,0.0,0,0,0,856.43,1,-23200.0,0.0,2024-09,108938.35999999999,71050.31999999999,116000.0
2024-09-23,Freelance,Tech Services,0,76.91,7.8,0.0,0,0,6,880.8,1,-25300.0,0.0,2024-09,108938.35999999999,71050.31999999999,116000.0
2024-09-24,Freelance,Tech Services,0,76.71,7.9,0.0,0,0,5,568.37,1,-16600.0,0.0,2024-09,108938.35999999999,71050.31999999999,116000.0
2024-09-25,Freelance,Tech Services,0,75.88,7.7,0.0,0,0,5,9293.55,1,-265300.0,0.0,2024-09,108938.35999999999,71050.31999999999,116000.0
2024-09-26,Freelance,Tech Services,0,76.83,7.7,0.0,0,0,6,887.63,1,-26000.0,0.0,2024-09,108938.35999999999,71050.31999999999,116000.0
2024-09-27,Freelance,Tech Services,0,76.13,7.6,0.0,0,0,6,2049.41,1,-54900.0,0.0,2024-09,108938.35999999999,71050.31999999999,116000.0
2024-09-28,Freelance,Tech Services,0,76.56,8.2,0.0,0,0,4,467.68,1,-12900.0,0.0,2024-09,108938.35999999999,71050.31999999999,116000.0
2024-09-29,Freelance,Tech Services,0,75.83,7.8,0.0,0,0,0,2304.1,1,-63700.0,0.0,2024-09,108938.35999999999,71050.31999999999,116000.0
2024-09-30,Freelance,Tech Services,0,77.08,7.8,27607.85,1,8,5,1346.69,1,753600.0,10434.79,2024-09,108938.35999999999,71050.31999999999,116000.0
2024-10-01,Freelance,Tech Services,0,76.64,7.6,32461.42,1,18,7,2075.22,1,875500.0,14722.22,2024-10,105543.41,51220.14,110700.0
2024-10-02,Freelance,Tech Services,1,76.64,7.8,0.0,0,0,10,833.83,1,-24200.0,14722.22,2024-10,105543.41,51220.14,110700.0
2024-10-03,Freelance,Tech Services,0,76.93,8.0,0.0,0,0,5,2019.08,1,-59100.0,14722.22,2024-10,105543.41,51220.14,110700.0
2024-10-04,Freelance,Tech Services,0,77.75,7.9,0.0,0,0,9,2198.75,1,-59000.0,14722.22,2024-10,105543.41,51220.14,110700.0
2024-10-05,Freelance,Tech Services,0,76.63,7.8,0.0,0,0,4,4352.98,1,-115400.0,14722.22,2024-10,105543.41,51220.14,110700.0
2024-10-06,Freelance,Tech Services,0,76.31,7.9,0.0,0,0,0,1794.48,1,-48800.0,14722.22,2024-10,105543.41,51220.14,110700.0
2024-10-07,Freelance,Tech Services,0,76.35,7.8,0.0,0,0,10,1252.48,1,-33500.0,12269.26,2024-10,105543.41,51220.14,110700.0
2024-10-08,Freelance,Tech Services,0,77.18,7.6,0.0,0,0,5,1646.37,1,-44400.0,0.0,2024-10,105543.41,51220.14,110700.0
2024-10-09,Freelance,Tech Services,0,77.1,8.1,0.0,0,0,8,679.78,1,-19900.0,0.0,2024-10,105543.41,51220.14,110700.0
2024-10-10,Freelance,Tech Services,0,76.49,7.4,0.0,0,0,10,964.97,1,-26600.0,0.0,2024-10,105543.41,51220.14,110700.0
2024-10-11,Freelance,Tech Services,0,76.26,8.1,0.0,0,0,8,1055.97,1,-28700.0,0.0,2024-10,105543.41,51220.14,110700.0
2024-10-12,Freelance,Tech Services,0,76.57,7.6,0.0,0,0,10,1452.24,1,-39900.0,0.0,2024-10,105543.41,51220.14,110700.0
2024-10-13,Freelance,Tech Services,0,76.34,8.0,0.0,0,0,0,1697.6,1,-45100.0,0.0,2024-10,105543.41,51220.14,110700.0
2024-10-14,Freelance,Tech Services,0,76.88,7.8,0.0,0,0,10,750.17,1,-20600.0,0.0,2024-10,105543.41,51220.14,110700.0
2024-10-15,Freelance,Tech Services,0,76.44,7.7,33577.27,1,11,7,2298.5,1,833100.0,12691.02,2024-10,105543.41,51220.14,110700.0
2024-10-16,Freelance,Tech Services,0,76.18,8.1,0.0,0,0,7,1361.4,1,-39200.0,12691.02,2024-10,105543.41,51220.14,110700.0
2024-10-17,Freelance,Tech Services,0,76.5,8.0,0.0,0,0,7,849.98,1,-23400.0,12691.02,2024-10,105543.41,51220.14,110700.0
2024-10-18,Freelance,Tech Services,0,77.43,8.0,0.0,0,0,10,1155.73,1,-30800.0,12691.02,2024-10,105543.41,51220.14,110700.0
2024-10-19,Freelance,Tech Services,0,76.47,7.9,0.0,0,0,5,2487.46,1,-67900.0,12691.02,2024-10,105543.41,51220.14,110700.0
2024-10-20,Freelance,Tech Services,0,76.69,7.6,0.0,0,0,0,894.89,1,-26100.0,12691.02,2024-10,105543.41,51220.14,110700.0
2024-10-21,Freelance,Tech Services,0,76.88,7.6,0.0,0,0,6,731.08,1,-21300.0,12691.02,2024-10,105543.41,51220.14,110700.0
2024-10-22,Freelance,Tech Services,0,77.33,7.7,0.0,0,0,10,2375.66,1,-66700.0,0.0,2024-10,105543.41,51220.14,110700.0
2024-10-23,Freelance,Tech Services,0,76.85,7.9,0.0,0,0,4,1353.7,1,-39500.0,0.0,2024-10,105543.41,51220.14,110700.0
2024-10-24,Freelance,Tech Services,0,76.64,7.9,0.0,0,0,8,2541.71,1,-68700.0,0.0,2024-10,105543.41,51220.14,110700.0
2024-10-25,Freelance,Tech Services,0,76.54,8.0,0.0,0,0,4,1403.98,1,-39400.0,0.0,2024-10,105543.41,51220.14,110700.0
2024-10-26,Freelance,Tech Services,0,76.12,7.8,0.0,0,0,8,2729.08,1,-80700.0,0.0,2024-10,105543.41,51220.14,110700.0
2024-10-27,Freelance,Tech Services,0,77.78,7.6,0.0,0,0,0,1271.06,1,-36500.0,0.0,2024-10,105543.41,51220.14,110700.0
2024-10-28,Freelance,Tech Services,1,76.49,7.9,0.0,0,0,6,2360.39,1,-68100.0,0.0,2024-10,105543.41,51220.14,110700.0
2024-10-29,Freelance,Tech Services,0,76.93,7.9,0.0,0,0,5,1003.46,1,-27700.0,0.0,2024-10,105543.41,51220.14,110700.0
2024-10-30,Freelance,Tech Services,0,77.1,7.9,39504.72,1,10,6,1772.03,1,1091400.0,14931.38,2024-10,105543.41,51220.14,110700.0
2024-10-31,Freelance,Tech Services,0,77.43,7.9,0.0,0,0,8,1856.11,1,-53600.0,14931.38,2024-10,105543.41,51220.14,110700.0
2024-11-01,Freelance,Tech Services,0,76.77,7.9,45576.92,1,14,8,1148.23,1,1230400.0,20831.67,2024-11,143776.18,70153.26,150800.0
2024-11-02,Freelance,Tech Services,0,77.86,7.8,0.0,0,0,4,1049.83,1,-28800.0,20831.67,2024-11,143776.18,70153.26,150800.0
2024-11-03,Freelance,Tech Services,0,76.43,8.0,0.0,0,0,0,2487.2,1,-71900.0,20831.67,2024-11,143776.18,70153.26,150800.0
2024-11-04,Freelance,Tech Services,0,76.88,7.4,44605.9,1,8,6,2599.06,1,1212500.0,23183.58,2024-11,143776.18,70153.26,150800.0
2024-11-05,Freelance,Tech Services,0,77.38,7.7,0.0,0,0,5,5328.57,1,-153000.0,23183.58,2024-11,143776.18,70153.26,150800.0
2024-11-06,Freelance,Tech Services,0,76.92,7.9,0.0,0,0,4,2384.63,1,-70600.0,22004.14,2024-11,143776.18,70153.26,150800.0
2024-11-07,Freelance,Tech Services,0,77.08,7.9,0.0,0,0,8,707.99,1,-20700.0,22004.14,2024-11,143776.18,70153.26,150800.0
2024-11-08,Freelance,Tech Services,0,76.78,7.9,0.0,0,0,7,2670.06,1,-76300.0,16859.45,2024-11,143776.18,70153.26,150800.0
2024-11-09,Freelance,Tech Services,0,76.89,7.9,0.0,0,0,8,1844.45,1,-50000.0,16859.45,2024-11,143776.18,70153.26,150800.0
2024-11-10,Freelance,Tech Services,0,77.34,7.6,0.0,0,0,0,2174.04,1,-62700.0,16859.45,2024-11,143776.18,70153.26,150800.0
2024-11-11,Freelance,Tech Services,0,77.59,7.7,0.0,0,0,4,1474.43,1,-41800.0,0.0,2024-11,143776.18,70153.26,150800.0
2024-11-12,Freelance,Tech Services,0,77.47,7.9,0.0,0,0,6,6389.7,1,-185100.0,0.0,2024-11,143776.18,70153.26,150800.0
2024-11-13,Freelance,Tech Services,0,78.0,7.8,0.0,0,0,10,1930.88,1,-53300.0,0.0,2024-11,143776.18,70153.26,150800.0
2024-11-14,Freelance,Tech Services,0,76.92,7.8,0.0,0,0,6,1949.32,1,-56500.0,0.0,2024-11,143776.18,70153.26,150800.0
2024-11-15,Freelance,Tech Services,1,76.96,8.0,21124.62,1,17,2,1470.24,1,541100.0,7984.36,2024-11,143776.18,70153.26,150800.0
2024-11-16,Freelance,Tech Services,0,76.32,7.6,0.0,0,0,10,1827.79,1,-52800.0,7984.36,2024-11,143776.18,70153.26,150800.0
2024-11-17,Freelance,Tech Services,0,76.61,8.0,0.0,0,0,0,728.49,1,-20800.0,7984.36,2024-11,143776.18,70153.26,150800.0
2024-11-18,Freelance,Tech Services,0,78.01,7.8,0.0,0,0,5,2759.22,1,-81200.0,7984.36,2024-11,143776.18,70153.26,150800.0
2024-11-19,Freelance,Tech Services,0,77.09,7.8,0.0,0,0,7,7386.64,1,-207800.0,7984.36,2024-11,143776.18,70153.26,150800.0
2024-11-20,Freelance,Tech Services,0,77.77,7.6,0.0,0,0,7,724.65,1,-20400.0,7984.36,2024-11,143776.18,70153.26,150800.0
2024-11-21,Freelance,Tech Services,0,77.32,8.0,0.0,0,0,5,2884.27,1,-82200.0,7984.36,2024-11,143776.18,70153.26,150800.0
2024-11-22,Freelance,Tech Services,0,77.47,7.8,0.0,0,0,9,2497.34,1,-66900.0,0.0,2024-11,143776.18,70153.26,150800.0
2024-11-23,Freelance,Tech Services,0,77.73,7.3,0.0,0,0,9,2635.17,1,-76700.0,0.0,2024-11,143776.18,70153.26,150800.0
2024-11-24,Freelance,Tech Services,0,77.59,7.7,0.0,0,0,0,1613.35,1,-42900.0,0.0,2024-11,143776.18,70153.26,150800.0
2024-11-25,Freelance,Tech Services,0,76.35,7.9,0.0,0,0,5,2276.17,1,-61900.0,0.0,2024-11,143776.18,70153.26,150800.0
2024-11-26,Freelance,Tech Services,0,77.97,7.8,0.0,0,0,7,1437.13,1,-39800.0,0.0,2024-11,143776.18,70153.26,150800.0
2024-11-27,Freelance,Tech Services,0,77.77,8.1,0.0,0,0,4,1989.35,1,-56400.0,0.0,2024-11,143776.18,70153.26,150800.0
2024-11-28,Freelance,Tech Services,0,77.97,8.1,0.0,0,0,4,1297.0,1,-37200.0,0.0,2024-11,143776.18,70153.26,150800.0
2024-11-29,Freelance,Tech Services,0,77.7,7.8,0.0,0,0,6,2110.56,1,-60400.0,0.0,2024-11,143776.18,70153.26,150800.0
2024-11-30,Freelance,Tech Services,0,76.54,7.8,32468.74,1,12,3,2377.5,1,825000.0,12272.03,2024-11,143776.18,70153.26,150800.0
2024-12-01,Freelance,Tech Services,0,76.95,8.2,38229.83,1,14,7,2875.94,1,1009700.0,17328.68,2024-12,170128.54,53025.35,175400.0
2024-12-02,Freelance,Tech Services,0,77.3,7.8,0.0,0,0,4,1751.28,1,-46400.0,17328.68,2024-12,170128.54,53025.35,175400.0
2024-12-03,Freelance,Tech Services,0,77.68,7.8,0.0,0,0,8,1418.79,1,-40900.0,17328.68,2024-12,170128.54,53025.35,175400.0
2024-12-04,Freelance,Tech Services,0,78.27,7.7,0.0,0,0,5,1496.95,1,-40400.0,17328.68,2024-12,170128.54,53025.35,175400.0
2024-12-05,Freelance,Tech Services,0,77.53,7.7,0.0,0,0,10,4807.59,1,-137700.0,17328.68,2024-12,170128.54,53025.35,175400.0
2024-12-06,Freelance,Tech Services,0,76.79,7.7,0.0,0,0,4,2758.09,1,-77100.0,17328.68,2024-12,170128.54,53025.35,175400.0
2024-12-07,Freelance,Tech Services,0,77.45,7.7,0.0,0,0,6,1772.18,1,-50200.0,14449.52,2024-12,170128.54,53025.35,175400.0
2024-12-08,Freelance,Tech Services,0,77.14,7.5,0.0,0,0,0,1384.91,1,-37900.0,0.0,2024-12,170128.54,53025.35,175400.0
2024-12-09,Freelance,Tech Services,0,77.46,7.5,0.0,0,0,5,1188.67,1,-32600.0,0.0,2024-12,170128.54,53025.35,175400.0
2024-12-10,Freelance,Tech Services,0,77.89,7.8,0.0,0,0,8,1960.13,1,-52900.0,0.0,2024-12,170128.54,53025.35,175400.0
2024-12-11,Freelance,Tech Services,0,76.8,7.7,0.0,0,0,10,1104.72,1,-32200.0,0.0,2024-12,170128.54,53025.35,175400.0
2024-12-12,Freelance,Tech Services,0,77.17,7.9,0.0,0,0,9,1233.16,1,-35700.0,0.0,2024-12,170128.54,53025.35,175400.0
2024-12-13,Freelance,Tech Services,0,78.23,7.4,0.0,0,0,4,949.1,1,-27800.0,0.0,2024-12,170128.54,53025.35,175400.0
2024-12-14,Freelance,Tech Services,0,77.63,7.8,0.0,0,0,8,1043.35,1,-30100.0,0.0,2024-12,170128.54,53025.35,175400.0
2024-12-15,Freelance,Tech Services,0,77.93,7.8,47568.75,1,5,8,1711.81,1,1348000.0,17979.3,2024-12,170128.54,53025.35,175400.0
2024-12-16,Freelance,Tech Services,0,77.23,7.7,0.0,0,0,8,2485.33,1,-67000.0,17979.3,2024-12,170128.54,53025.35,175400.0
2024-12-17,Freelance,Tech Services,0,77.22,8.0,0.0,0,0,10,2052.61,1,-57600.0,17979.3,2024-12,170128.54,53025.35,175400.0
2024-12-18,Freelance,Tech Services,0,77.65,8.2,0.0,0,0,6,1713.87,1,-49800.0,17979.3,2024-12,170128.54,53025.35,175400.0
2024-12-19,Freelance,Tech Services,0,77.62,7.7,0.0,0,0,5,1845.81,1,-52200.0,17979.3,2024-12,170128.54,53025.35,175400.0
2024-12-20,Freelance,Tech Services,0,76.91,7.4,0.0,0,0,10,2852.19,1,-78800.0,17979.3,2024-12,170128.54,53025.35,175400.0
2024-12-21,Freelance,Tech Services,0,76.89,7.9,0.0,0,0,7,934.5,1,-26800.0,17979.3,2024-12,170128.54,53025.35,175400.0
2024-12-22,Freelance,Tech Services,0,77.95,7.5,0.0,0,0,0,2130.6,1,-62500.0,0.0,2024-12,170128.54,53025.35,175400.0
2024-12-23,Freelance,Tech Services,0,78.16,7.7,38820.87,1,8,7,2748.89,1,1041200.0,14672.91,2024-12,170128.54,53025.35,175400.0
2024-12-24,Freelance,Tech Services,0,77.8,8.1,0.0,0,0,8,963.96,1,-27500.0,14672.91,2024-12,170128.54,53025.35,175400.0
2024-12-25,Freelance,Tech Services,1,78.2,7.7,0.0,0,0,8,1278.02,1,-35500.0,14672.91,2024-12,170128.54,53025.35,175400.0
2024-12-26,Freelance,Tech Services,0,77.32,7.4,0.0,0,0,6,1567.57,1,-44000.0,14672.91,2024-12,170128.54,53025.35,175400.0
2024-12-27,Freelance,Tech Services,0,77.42,7.8,0.0,0,0,5,1035.24,1,-27900.0,14672.91,2024-12,170128.54,53025.35,175400.0
2024-12-28,Freelance,Tech Services,0,77.3,7.8,0.0,0,0,8,1756.82,1,-51100.0,14672.91,2024-12,170128.54,53025.35,175400.0
2024-12-29,Freelance,Tech Services,0,77.85,7.8,0.0,0,0,0,1555.6,1,-42000.0,14672.91,2024-12,170128.54,53025.35,175400.0
2024-12-30,Freelance,Tech Services,0,77.5,7.8,45509.09,1,5,3,647.67,1,1278500.0,17200.82,2024-12,170128.54,53025.35,175400.0
